annee,type,topic,valeur
1999.0,topic_weight,0,0.0
1999.0,topic_weight,1,0.7441444993019104
1999.0,topic_weight,2,0.0
1999.0,topic_weight,3,0.0
1999.0,topic_weight,4,14.015268325805664
1999.0,topic_weight,5,0.22749683260917664
1999.0,nb_topics_actifs,,1.0
1999.0,mot_cle_eco,environment,475.0
1999.0,mot_cle_eco,environmental,396.0
1999.0,mot_cle_eco,climate,185.0
1999.0,mot_cle_eco,global,47.0
1999.0,mot_cle_eco,warming,19.0
1999.0,mot_cle_eco,biodiversity,5.0
1999.0,mot_cle_eco,ecosystem,4.0
1999.0,mot_cle_eco,pollution,90.0
1999.0,mot_cle_eco,sustainable,167.0
1999.0,mot_cle_eco,sustainability,22.0
1999.0,mot_cle_eco,renewable,159.0
1999.0,mot_cle_eco,energy,734.0
1999.0,mot_cle_eco,carbon,57.0
1999.0,mot_cle_eco,greenhouse,47.0
1999.0,mot_cle_eco,emissions,246.0
1999.0,mot_cle_eco,ecological,48.0
1999.0,mot_cle_eco,atmospheric,1.0
1999.0,mot_cle_eco,ozone,57.0
1999.0,mot_cle_eco,waste,93.0
2000.0,topic_weight,0,1.765485405921936
2000.0,topic_weight,1,0.0
2000.0,topic_weight,2,0.0
2000.0,topic_weight,3,0.0
2000.0,topic_weight,4,0.0
2000.0,topic_weight,5,13.230730056762695
2000.0,nb_topics_actifs,,2.0
2000.0,mot_cle_eco,environment,1676.0
2000.0,mot_cle_eco,environmental,1299.0
2000.0,mot_cle_eco,climate,354.0
2000.0,mot_cle_eco,global,76.0
2000.0,mot_cle_eco,warming,21.0
2000.0,mot_cle_eco,biodiversity,34.0
2000.0,mot_cle_eco,ecosystem,25.0
2000.0,mot_cle_eco,pollution,454.0
2000.0,mot_cle_eco,sustainable,466.0
2000.0,mot_cle_eco,sustainability,102.0
2000.0,mot_cle_eco,renewable,299.0
2000.0,mot_cle_eco,energy,1145.0
2000.0,mot_cle_eco,carbon,76.0
2000.0,mot_cle_eco,greenhouse,128.0
2000.0,mot_cle_eco,emissions,337.0
2000.0,mot_cle_eco,ecological,194.0
2000.0,mot_cle_eco,atmospheric,7.0
2000.0,mot_cle_eco,ozone,87.0
2000.0,mot_cle_eco,waste,772.0
2001.0,topic_weight,0,0.0
2001.0,topic_weight,1,0.9757120609283447
2001.0,topic_weight,2,1.7076252698898315
2001.0,topic_weight,3,0.0
2001.0,topic_weight,4,12.306343078613281
2001.0,topic_weight,5,0.0
2001.0,nb_topics_actifs,,2.0
2001.0,mot_cle_eco,environment,1574.0
2001.0,mot_cle_eco,environmental,1414.0
2001.0,mot_cle_eco,climate,331.0
2001.0,mot_cle_eco,global,99.0
2001.0,mot_cle_eco,warming,32.0
2001.0,mot_cle_eco,biodiversity,69.0
2001.0,mot_cle_eco,ecosystem,13.0
2001.0,mot_cle_eco,pollution,290.0
2001.0,mot_cle_eco,sustainable,784.0
2001.0,mot_cle_eco,sustainability,159.0
2001.0,mot_cle_eco,renewable,173.0
2001.0,mot_cle_eco,energy,1174.0
2001.0,mot_cle_eco,carbon,48.0
2001.0,mot_cle_eco,greenhouse,87.0
2001.0,mot_cle_eco,emissions,312.0
2001.0,mot_cle_eco,ecological,112.0
2001.0,mot_cle_eco,atmospheric,6.0
2001.0,mot_cle_eco,ozone,69.0
2001.0,mot_cle_eco,waste,475.0
2002.0,topic_weight,0,0.0
2002.0,topic_weight,1,1.2617851495742798
2002.0,topic_weight,2,0.0
2002.0,topic_weight,3,0.07169552892446518
2002.0,topic_weight,4,13.663354873657227
2002.0,topic_weight,5,0.0
2002.0,nb_topics_actifs,,2.0
2002.0,mot_cle_eco,environment,1584.0
2002.0,mot_cle_eco,environmental,1314.0
2002.0,mot_cle_eco,climate,342.0
2002.0,mot_cle_eco,global,111.0
2002.0,mot_cle_eco,warming,18.0
2002.0,mot_cle_eco,biodiversity,169.0
2002.0,mot_cle_eco,ecosystem,14.0
2002.0,mot_cle_eco,pollution,180.0
2002.0,mot_cle_eco,sustainable,933.0
2002.0,mot_cle_eco,sustainability,174.0
2002.0,mot_cle_eco,renewable,132.0
2002.0,mot_cle_eco,energy,1100.0
2002.0,mot_cle_eco,carbon,41.0
2002.0,mot_cle_eco,greenhouse,97.0
2002.0,mot_cle_eco,emissions,320.0
2002.0,mot_cle_eco,ecological,109.0
2002.0,mot_cle_eco,atmospheric,3.0
2002.0,mot_cle_eco,ozone,30.0
2002.0,mot_cle_eco,waste,551.0
2003.0,topic_weight,0,0.9953166842460632
2003.0,topic_weight,1,0.9877913594245911
2003.0,topic_weight,2,7.39116096496582
2003.0,topic_weight,3,0.6376539468765259
2003.0,topic_weight,4,0.0
2003.0,topic_weight,5,4.9471540451049805
2003.0,nb_topics_actifs,,2.0
2003.0,mot_cle_eco,environment,1425.0
2003.0,mot_cle_eco,environmental,1252.0
2003.0,mot_cle_eco,climate,259.0
2003.0,mot_cle_eco,global,85.0
2003.0,mot_cle_eco,warming,23.0
2003.0,mot_cle_eco,biodiversity,108.0
2003.0,mot_cle_eco,ecosystem,24.0
2003.0,mot_cle_eco,pollution,282.0
2003.0,mot_cle_eco,sustainable,686.0
2003.0,mot_cle_eco,sustainability,191.0
2003.0,mot_cle_eco,renewable,107.0
2003.0,mot_cle_eco,energy,1162.0
2003.0,mot_cle_eco,carbon,39.0
2003.0,mot_cle_eco,greenhouse,89.0
2003.0,mot_cle_eco,emissions,324.0
2003.0,mot_cle_eco,ecological,130.0
2003.0,mot_cle_eco,atmospheric,11.0
2003.0,mot_cle_eco,ozone,21.0
2003.0,mot_cle_eco,waste,351.0
2004.0,topic_weight,0,2.9811365604400635
2004.0,topic_weight,1,8.493980407714844
2004.0,topic_weight,2,0.16280598938465118
2004.0,topic_weight,3,3.9081737995147705
2004.0,topic_weight,4,1.2045230865478516
2004.0,topic_weight,5,8.122288703918457
2004.0,nb_topics_actifs,,5.0
2004.0,mot_cle_eco,environment,1009.0
2004.0,mot_cle_eco,environmental,775.0
2004.0,mot_cle_eco,climate,279.0
2004.0,mot_cle_eco,global,98.0
2004.0,mot_cle_eco,warming,32.0
2004.0,mot_cle_eco,biodiversity,26.0
2004.0,mot_cle_eco,ecosystem,4.0
2004.0,mot_cle_eco,pollution,263.0
2004.0,mot_cle_eco,sustainable,471.0
2004.0,mot_cle_eco,sustainability,109.0
2004.0,mot_cle_eco,renewable,98.0
2004.0,mot_cle_eco,energy,615.0
2004.0,mot_cle_eco,carbon,24.0
2004.0,mot_cle_eco,greenhouse,60.0
2004.0,mot_cle_eco,emissions,140.0
2004.0,mot_cle_eco,ecological,59.0
2004.0,mot_cle_eco,atmospheric,1.0
2004.0,mot_cle_eco,ozone,8.0
2004.0,mot_cle_eco,waste,479.0
2005.0,topic_weight,0,2.392714500427246
2005.0,topic_weight,1,1.0559271574020386
2005.0,topic_weight,2,0.0
2005.0,topic_weight,3,1.378210186958313
2005.0,topic_weight,4,15.981311798095703
2005.0,topic_weight,5,4.162379741668701
2005.0,nb_topics_actifs,,5.0
2005.0,mot_cle_eco,environment,1494.0
2005.0,mot_cle_eco,environmental,1221.0
2005.0,mot_cle_eco,climate,730.0
2005.0,mot_cle_eco,global,191.0
2005.0,mot_cle_eco,warming,74.0
2005.0,mot_cle_eco,biodiversity,70.0
2005.0,mot_cle_eco,ecosystem,22.0
2005.0,mot_cle_eco,pollution,231.0
2005.0,mot_cle_eco,sustainable,686.0
2005.0,mot_cle_eco,sustainability,151.0
2005.0,mot_cle_eco,renewable,243.0
2005.0,mot_cle_eco,energy,1791.0
2005.0,mot_cle_eco,carbon,59.0
2005.0,mot_cle_eco,greenhouse,119.0
2005.0,mot_cle_eco,emissions,267.0
2005.0,mot_cle_eco,ecological,98.0
2005.0,mot_cle_eco,atmospheric,1.0
2005.0,mot_cle_eco,ozone,16.0
2005.0,mot_cle_eco,waste,521.0
2006.0,topic_weight,0,15.958837509155273
2006.0,topic_weight,1,0.0
2006.0,topic_weight,2,0.0
2006.0,topic_weight,3,9.013818740844727
2006.0,topic_weight,4,0.0
2006.0,topic_weight,5,0.0
2006.0,nb_topics_actifs,,2.0
2006.0,mot_cle_eco,environment,1586.0
2006.0,mot_cle_eco,environmental,1266.0
2006.0,mot_cle_eco,climate,643.0
2006.0,mot_cle_eco,global,171.0
2006.0,mot_cle_eco,warming,41.0
2006.0,mot_cle_eco,biodiversity,103.0
2006.0,mot_cle_eco,ecosystem,36.0
2006.0,mot_cle_eco,pollution,385.0
2006.0,mot_cle_eco,sustainable,843.0
2006.0,mot_cle_eco,sustainability,243.0
2006.0,mot_cle_eco,renewable,378.0
2006.0,mot_cle_eco,energy,3829.0
2006.0,mot_cle_eco,carbon,121.0
2006.0,mot_cle_eco,greenhouse,131.0
2006.0,mot_cle_eco,emissions,551.0
2006.0,mot_cle_eco,ecological,107.0
2006.0,mot_cle_eco,atmospheric,2.0
2006.0,mot_cle_eco,ozone,7.0
2006.0,mot_cle_eco,waste,398.0
2007.0,topic_weight,0,8.67954158782959
2007.0,topic_weight,1,0.03430881351232529
2007.0,topic_weight,2,0.15170007944107056
2007.0,topic_weight,3,7.224554538726807
2007.0,topic_weight,4,10.607243537902832
2007.0,topic_weight,5,0.2510550022125244
2007.0,nb_topics_actifs,,3.0
2007.0,mot_cle_eco,environment,1567.0
2007.0,mot_cle_eco,environmental,1310.0
2007.0,mot_cle_eco,climate,1623.0
2007.0,mot_cle_eco,global,375.0
2007.0,mot_cle_eco,warming,139.0
2007.0,mot_cle_eco,biodiversity,163.0
2007.0,mot_cle_eco,ecosystem,50.0
2007.0,mot_cle_eco,pollution,248.0
2007.0,mot_cle_eco,sustainable,806.0
2007.0,mot_cle_eco,sustainability,191.0
2007.0,mot_cle_eco,renewable,466.0
2007.0,mot_cle_eco,energy,3556.0
2007.0,mot_cle_eco,carbon,233.0
2007.0,mot_cle_eco,greenhouse,195.0
2007.0,mot_cle_eco,emissions,755.0
2007.0,mot_cle_eco,ecological,134.0
2007.0,mot_cle_eco,atmospheric,3.0
2007.0,mot_cle_eco,ozone,6.0
2007.0,mot_cle_eco,waste,739.0
2008.0,topic_weight,0,3.3497021198272705
2008.0,topic_weight,1,3.007857084274292
2008.0,topic_weight,2,3.1361217498779297
2008.0,topic_weight,3,14.14962100982666
2008.0,topic_weight,4,0.0
2008.0,topic_weight,5,3.330198049545288
2008.0,nb_topics_actifs,,5.0
2008.0,mot_cle_eco,environment,1824.0
2008.0,mot_cle_eco,environmental,1619.0
2008.0,mot_cle_eco,climate,2851.0
2008.0,mot_cle_eco,global,577.0
2008.0,mot_cle_eco,warming,185.0
2008.0,mot_cle_eco,biodiversity,241.0
2008.0,mot_cle_eco,ecosystem,37.0
2008.0,mot_cle_eco,pollution,262.0
2008.0,mot_cle_eco,sustainable,924.0
2008.0,mot_cle_eco,sustainability,316.0
2008.0,mot_cle_eco,renewable,549.0
2008.0,mot_cle_eco,energy,4678.0
2008.0,mot_cle_eco,carbon,503.0
2008.0,mot_cle_eco,greenhouse,337.0
2008.0,mot_cle_eco,emissions,1250.0
2008.0,mot_cle_eco,ecological,145.0
2008.0,mot_cle_eco,atmospheric,5.0
2008.0,mot_cle_eco,ozone,4.0
2008.0,mot_cle_eco,waste,699.0
2009.0,topic_weight,0,15.168087005615234
2009.0,topic_weight,1,8.826164245605469
2009.0,topic_weight,2,0.04240874946117401
2009.0,topic_weight,3,0.0
2009.0,topic_weight,4,2.925529956817627
2009.0,topic_weight,5,0.0
2009.0,nb_topics_actifs,,3.0
2009.0,mot_cle_eco,environment,1000.0
2009.0,mot_cle_eco,environmental,843.0
2009.0,mot_cle_eco,climate,2023.0
2009.0,mot_cle_eco,global,433.0
2009.0,mot_cle_eco,warming,133.0
2009.0,mot_cle_eco,biodiversity,77.0
2009.0,mot_cle_eco,ecosystem,18.0
2009.0,mot_cle_eco,pollution,166.0
2009.0,mot_cle_eco,sustainable,758.0
2009.0,mot_cle_eco,sustainability,167.0
2009.0,mot_cle_eco,renewable,308.0
2009.0,mot_cle_eco,energy,4095.0
2009.0,mot_cle_eco,carbon,304.0
2009.0,mot_cle_eco,greenhouse,179.0
2009.0,mot_cle_eco,emissions,655.0
2009.0,mot_cle_eco,ecological,81.0
2009.0,mot_cle_eco,atmospheric,1.0
2009.0,mot_cle_eco,ozone,69.0
2009.0,mot_cle_eco,waste,215.0
2010.0,topic_weight,0,21.221372604370117
2010.0,topic_weight,1,1.3958227634429932
2010.0,topic_weight,2,2.1879448890686035
2010.0,topic_weight,3,1.203343391418457
2010.0,topic_weight,4,0.0
2010.0,topic_weight,5,0.9426506757736206
2010.0,nb_topics_actifs,,4.0
2010.0,mot_cle_eco,environment,1587.0
2010.0,mot_cle_eco,environmental,1561.0
2010.0,mot_cle_eco,climate,2040.0
2010.0,mot_cle_eco,global,416.0
2010.0,mot_cle_eco,warming,120.0
2010.0,mot_cle_eco,biodiversity,832.0
2010.0,mot_cle_eco,ecosystem,95.0
2010.0,mot_cle_eco,pollution,207.0
2010.0,mot_cle_eco,sustainable,1656.0
2010.0,mot_cle_eco,sustainability,455.0
2010.0,mot_cle_eco,renewable,494.0
2010.0,mot_cle_eco,energy,4551.0
2010.0,mot_cle_eco,carbon,418.0
2010.0,mot_cle_eco,greenhouse,186.0
2010.0,mot_cle_eco,emissions,790.0
2010.0,mot_cle_eco,ecological,235.0
2010.0,mot_cle_eco,atmospheric,8.0
2010.0,mot_cle_eco,ozone,3.0
2010.0,mot_cle_eco,waste,590.0
2011.0,topic_weight,0,0.17608056962490082
2011.0,topic_weight,1,0.0
2011.0,topic_weight,2,0.0
2011.0,topic_weight,3,6.804720878601074
2011.0,topic_weight,4,19.996856689453125
2011.0,topic_weight,5,0.0
2011.0,nb_topics_actifs,,2.0
2011.0,mot_cle_eco,environment,2015.0
2011.0,mot_cle_eco,environmental,2040.0
2011.0,mot_cle_eco,climate,1713.0
2011.0,mot_cle_eco,global,497.0
2011.0,mot_cle_eco,warming,126.0
2011.0,mot_cle_eco,biodiversity,309.0
2011.0,mot_cle_eco,ecosystem,88.0
2011.0,mot_cle_eco,pollution,296.0
2011.0,mot_cle_eco,sustainable,2508.0
2011.0,mot_cle_eco,sustainability,622.0
2011.0,mot_cle_eco,renewable,439.0
2011.0,mot_cle_eco,energy,5034.0
2011.0,mot_cle_eco,carbon,423.0
2011.0,mot_cle_eco,greenhouse,206.0
2011.0,mot_cle_eco,emissions,813.0
2011.0,mot_cle_eco,ecological,212.0
2011.0,mot_cle_eco,atmospheric,10.0
2011.0,mot_cle_eco,ozone,23.0
2011.0,mot_cle_eco,waste,1297.0
2012.0,topic_weight,0,4.816681385040283
2012.0,topic_weight,1,5.2125139236450195
2012.0,topic_weight,2,0.0
2012.0,topic_weight,3,7.526656150817871
2012.0,topic_weight,4,0.0
2012.0,topic_weight,5,9.348755836486816
2012.0,nb_topics_actifs,,4.0
2012.0,mot_cle_eco,environment,2122.0
2012.0,mot_cle_eco,environmental,2001.0
2012.0,mot_cle_eco,climate,1594.0
2012.0,mot_cle_eco,global,444.0
2012.0,mot_cle_eco,warming,76.0
2012.0,mot_cle_eco,biodiversity,431.0
2012.0,mot_cle_eco,ecosystem,103.0
2012.0,mot_cle_eco,pollution,332.0
2012.0,mot_cle_eco,sustainable,2310.0
2012.0,mot_cle_eco,sustainability,566.0
2012.0,mot_cle_eco,renewable,334.0
2012.0,mot_cle_eco,energy,4950.0
2012.0,mot_cle_eco,carbon,307.0
2012.0,mot_cle_eco,greenhouse,140.0
2012.0,mot_cle_eco,emissions,646.0
2012.0,mot_cle_eco,ecological,170.0
2012.0,mot_cle_eco,atmospheric,2.0
2012.0,mot_cle_eco,ozone,1.0
2012.0,mot_cle_eco,waste,1401.0
2013.0,topic_weight,0,1.8918747901916504
2013.0,topic_weight,1,4.703246116638184
2013.0,topic_weight,2,0.0
2013.0,topic_weight,3,20.50531005859375
2013.0,topic_weight,4,0.8836031556129456
2013.0,topic_weight,5,0.0
2013.0,nb_topics_actifs,,3.0
2013.0,mot_cle_eco,environment,2974.0
2013.0,mot_cle_eco,environmental,2910.0
2013.0,mot_cle_eco,climate,1991.0
2013.0,mot_cle_eco,global,498.0
2013.0,mot_cle_eco,warming,79.0
2013.0,mot_cle_eco,biodiversity,427.0
2013.0,mot_cle_eco,ecosystem,113.0
2013.0,mot_cle_eco,pollution,409.0
2013.0,mot_cle_eco,sustainable,3345.0
2013.0,mot_cle_eco,sustainability,743.0
2013.0,mot_cle_eco,renewable,1021.0
2013.0,mot_cle_eco,energy,6164.0
2013.0,mot_cle_eco,carbon,764.0
2013.0,mot_cle_eco,greenhouse,531.0
2013.0,mot_cle_eco,emissions,1396.0
2013.0,mot_cle_eco,ecological,233.0
2013.0,mot_cle_eco,atmospheric,3.0
2013.0,mot_cle_eco,ozone,3.0
2013.0,mot_cle_eco,waste,763.0
2014.0,topic_weight,0,6.980676174163818
2014.0,topic_weight,1,0.0
2014.0,topic_weight,2,12.86377239227295
2014.0,topic_weight,3,1.2054487466812134
2014.0,topic_weight,4,6.022138595581055
2014.0,topic_weight,5,0.8681496977806091
2014.0,nb_topics_actifs,,4.0
2014.0,mot_cle_eco,environment,2237.0
2014.0,mot_cle_eco,environmental,1684.0
2014.0,mot_cle_eco,climate,2096.0
2014.0,mot_cle_eco,global,593.0
2014.0,mot_cle_eco,warming,131.0
2014.0,mot_cle_eco,biodiversity,343.0
2014.0,mot_cle_eco,ecosystem,60.0
2014.0,mot_cle_eco,pollution,249.0
2014.0,mot_cle_eco,sustainable,1876.0
2014.0,mot_cle_eco,sustainability,421.0
2014.0,mot_cle_eco,renewable,495.0
2014.0,mot_cle_eco,energy,3891.0
2014.0,mot_cle_eco,carbon,476.0
2014.0,mot_cle_eco,greenhouse,546.0
2014.0,mot_cle_eco,emissions,1310.0
2014.0,mot_cle_eco,ecological,164.0
2014.0,mot_cle_eco,atmospheric,15.0
2014.0,mot_cle_eco,ozone,27.0
2014.0,mot_cle_eco,waste,768.0
2015.0,topic_weight,0,9.670342445373535
2015.0,topic_weight,1,0.0
2015.0,topic_weight,2,4.139883995056152
2015.0,topic_weight,3,10.557662963867188
2015.0,topic_weight,4,0.9373040795326233
2015.0,topic_weight,5,2.5756335258483887
2015.0,nb_topics_actifs,,4.0
2015.0,mot_cle_eco,environment,4199.0
2015.0,mot_cle_eco,environmental,2637.0
2015.0,mot_cle_eco,climate,3597.0
2015.0,mot_cle_eco,global,1079.0
2015.0,mot_cle_eco,warming,213.0
2015.0,mot_cle_eco,biodiversity,350.0
2015.0,mot_cle_eco,ecosystem,228.0
2015.0,mot_cle_eco,pollution,827.0
2015.0,mot_cle_eco,sustainable,5269.0
2015.0,mot_cle_eco,sustainability,1056.0
2015.0,mot_cle_eco,renewable,1005.0
2015.0,mot_cle_eco,energy,10143.0
2015.0,mot_cle_eco,carbon,861.0
2015.0,mot_cle_eco,greenhouse,906.0
2015.0,mot_cle_eco,emissions,2899.0
2015.0,mot_cle_eco,ecological,256.0
2015.0,mot_cle_eco,atmospheric,39.0
2015.0,mot_cle_eco,ozone,20.0
2015.0,mot_cle_eco,waste,1428.0
2016.0,topic_weight,0,17.05497932434082
2016.0,topic_weight,1,3.7242112159729004
2016.0,topic_weight,2,1.7729508876800537
2016.0,topic_weight,3,0.0
2016.0,topic_weight,4,0.4787400960922241
2016.0,topic_weight,5,4.883782386779785
2016.0,nb_topics_actifs,,4.0
2016.0,mot_cle_eco,environment,5815.0
2016.0,mot_cle_eco,environmental,3318.0
2016.0,mot_cle_eco,climate,3284.0
2016.0,mot_cle_eco,global,1162.0
2016.0,mot_cle_eco,warming,190.0
2016.0,mot_cle_eco,biodiversity,1480.0
2016.0,mot_cle_eco,ecosystem,259.0
2016.0,mot_cle_eco,pollution,1327.0
2016.0,mot_cle_eco,sustainable,6054.0
2016.0,mot_cle_eco,sustainability,892.0
2016.0,mot_cle_eco,renewable,1765.0
2016.0,mot_cle_eco,energy,12263.0
2016.0,mot_cle_eco,carbon,413.0
2016.0,mot_cle_eco,greenhouse,318.0
2016.0,mot_cle_eco,emissions,2366.0
2016.0,mot_cle_eco,ecological,215.0
2016.0,mot_cle_eco,atmospheric,61.0
2016.0,mot_cle_eco,ozone,9.0
2016.0,mot_cle_eco,waste,852.0
2017.0,topic_weight,0,3.5700368881225586
2017.0,topic_weight,1,0.0
2017.0,topic_weight,2,0.0
2017.0,topic_weight,3,0.0
2017.0,topic_weight,4,4.62539529800415
2017.0,topic_weight,5,19.78697967529297
2017.0,nb_topics_actifs,,3.0
2017.0,mot_cle_eco,environment,1242.0
2017.0,mot_cle_eco,environmental,978.0
2017.0,mot_cle_eco,climate,1580.0
2017.0,mot_cle_eco,global,352.0
2017.0,mot_cle_eco,warming,72.0
2017.0,mot_cle_eco,biodiversity,148.0
2017.0,mot_cle_eco,ecosystem,56.0
2017.0,mot_cle_eco,pollution,177.0
2017.0,mot_cle_eco,sustainable,1454.0
2017.0,mot_cle_eco,sustainability,330.0
2017.0,mot_cle_eco,renewable,224.0
2017.0,mot_cle_eco,energy,2044.0
2017.0,mot_cle_eco,carbon,237.0
2017.0,mot_cle_eco,greenhouse,136.0
2017.0,mot_cle_eco,emissions,820.0
2017.0,mot_cle_eco,ecological,85.0
2017.0,mot_cle_eco,atmospheric,2.0
2017.0,mot_cle_eco,ozone,0.0
2017.0,mot_cle_eco,waste,810.0
2018.0,topic_weight,0,2.60221529006958
2018.0,topic_weight,1,22.21622085571289
2018.0,topic_weight,2,1.4789546728134155
2018.0,topic_weight,3,1.6831660270690918
2018.0,topic_weight,4,0.0
2018.0,topic_weight,5,0.0
2018.0,nb_topics_actifs,,4.0
2018.0,mot_cle_eco,environment,1279.0
2018.0,mot_cle_eco,environmental,822.0
2018.0,mot_cle_eco,climate,1929.0
2018.0,mot_cle_eco,global,327.0
2018.0,mot_cle_eco,warming,89.0
2018.0,mot_cle_eco,biodiversity,182.0
2018.0,mot_cle_eco,ecosystem,50.0
2018.0,mot_cle_eco,pollution,203.0
2018.0,mot_cle_eco,sustainable,1146.0
2018.0,mot_cle_eco,sustainability,270.0
2018.0,mot_cle_eco,renewable,375.0
2018.0,mot_cle_eco,energy,2168.0
2018.0,mot_cle_eco,carbon,259.0
2018.0,mot_cle_eco,greenhouse,170.0
2018.0,mot_cle_eco,emissions,789.0
2018.0,mot_cle_eco,ecological,119.0
2018.0,mot_cle_eco,atmospheric,5.0
2018.0,mot_cle_eco,ozone,1.0
2018.0,mot_cle_eco,waste,644.0
2019.0,topic_weight,0,0.025867532938718796
2019.0,topic_weight,1,0.0
2019.0,topic_weight,2,0.0
2019.0,topic_weight,3,20.18403434753418
2019.0,topic_weight,4,7.754479885101318
2019.0,topic_weight,5,0.0
2019.0,nb_topics_actifs,,2.0
2019.0,mot_cle_eco,environment,1004.0
2019.0,mot_cle_eco,environmental,794.0
2019.0,mot_cle_eco,climate,3176.0
2019.0,mot_cle_eco,global,312.0
2019.0,mot_cle_eco,warming,90.0
2019.0,mot_cle_eco,biodiversity,237.0
2019.0,mot_cle_eco,ecosystem,40.0
2019.0,mot_cle_eco,pollution,253.0
2019.0,mot_cle_eco,sustainable,1309.0
2019.0,mot_cle_eco,sustainability,378.0
2019.0,mot_cle_eco,renewable,129.0
2019.0,mot_cle_eco,energy,1106.0
2019.0,mot_cle_eco,carbon,346.0
2019.0,mot_cle_eco,greenhouse,117.0
2019.0,mot_cle_eco,emissions,501.0
2019.0,mot_cle_eco,ecological,191.0
2019.0,mot_cle_eco,atmospheric,4.0
2019.0,mot_cle_eco,ozone,8.0
2019.0,mot_cle_eco,waste,263.0
2020.0,topic_weight,0,1.4673714637756348
2020.0,topic_weight,1,0.0
2020.0,topic_weight,2,1.2400399446487427
2020.0,topic_weight,3,1.0915577411651611
2020.0,topic_weight,4,23.18548011779785
2020.0,topic_weight,5,0.0
2020.0,nb_topics_actifs,,4.0
2020.0,mot_cle_eco,environment,703.0
2020.0,mot_cle_eco,environmental,648.0
2020.0,mot_cle_eco,climate,2214.0
2020.0,mot_cle_eco,global,188.0
2020.0,mot_cle_eco,warming,52.0
2020.0,mot_cle_eco,biodiversity,401.0
2020.0,mot_cle_eco,ecosystem,44.0
2020.0,mot_cle_eco,pollution,95.0
2020.0,mot_cle_eco,sustainable,934.0
2020.0,mot_cle_eco,sustainability,242.0
2020.0,mot_cle_eco,renewable,88.0
2020.0,mot_cle_eco,energy,886.0
2020.0,mot_cle_eco,carbon,309.0
2020.0,mot_cle_eco,greenhouse,103.0
2020.0,mot_cle_eco,emissions,352.0
2020.0,mot_cle_eco,ecological,227.0
2020.0,mot_cle_eco,atmospheric,1.0
2020.0,mot_cle_eco,ozone,0.0
2020.0,mot_cle_eco,waste,164.0
2021.0,topic_weight,0,0.3888155221939087
2021.0,topic_weight,1,4.714435577392578
2021.0,topic_weight,2,10.932331085205078
2021.0,topic_weight,3,10.640359878540039
2021.0,topic_weight,4,0.0
2021.0,topic_weight,5,0.23455771803855896
2021.0,nb_topics_actifs,,3.0
2021.0,mot_cle_eco,environment,1118.0
2021.0,mot_cle_eco,environmental,1052.0
2021.0,mot_cle_eco,climate,3714.0
2021.0,mot_cle_eco,global,474.0
2021.0,mot_cle_eco,warming,108.0
2021.0,mot_cle_eco,biodiversity,659.0
2021.0,mot_cle_eco,ecosystem,110.0
2021.0,mot_cle_eco,pollution,189.0
2021.0,mot_cle_eco,sustainable,1392.0
2021.0,mot_cle_eco,sustainability,366.0
2021.0,mot_cle_eco,renewable,386.0
2021.0,mot_cle_eco,energy,2632.0
2021.0,mot_cle_eco,carbon,519.0
2021.0,mot_cle_eco,greenhouse,123.0
2021.0,mot_cle_eco,emissions,666.0
2021.0,mot_cle_eco,ecological,190.0
2021.0,mot_cle_eco,atmospheric,2.0
2021.0,mot_cle_eco,ozone,7.0
2021.0,mot_cle_eco,waste,276.0
2022.0,topic_weight,0,1.2073533535003662
2022.0,topic_weight,1,0.0
2022.0,topic_weight,2,0.0
2022.0,topic_weight,3,16.590595245361328
2022.0,topic_weight,4,2.10691499710083
2022.0,topic_weight,5,7.037433624267578
2022.0,nb_topics_actifs,,4.0
2022.0,mot_cle_eco,environment,1021.0
2022.0,mot_cle_eco,environmental,767.0
2022.0,mot_cle_eco,climate,3091.0
2022.0,mot_cle_eco,global,377.0
2022.0,mot_cle_eco,warming,107.0
2022.0,mot_cle_eco,biodiversity,466.0
2022.0,mot_cle_eco,ecosystem,121.0
2022.0,mot_cle_eco,pollution,132.0
2022.0,mot_cle_eco,sustainable,1381.0
2022.0,mot_cle_eco,sustainability,411.0
2022.0,mot_cle_eco,renewable,783.0
2022.0,mot_cle_eco,energy,7195.0
2022.0,mot_cle_eco,carbon,413.0
2022.0,mot_cle_eco,greenhouse,94.0
2022.0,mot_cle_eco,emissions,563.0
2022.0,mot_cle_eco,ecological,208.0
2022.0,mot_cle_eco,atmospheric,0.0
2022.0,mot_cle_eco,ozone,2.0
2022.0,mot_cle_eco,waste,362.0
2023.0,topic_weight,0,11.418200492858887
2023.0,topic_weight,1,5.958643913269043
2023.0,topic_weight,2,0.0
2023.0,topic_weight,3,3.522308826446533
2023.0,topic_weight,4,0.0
2023.0,topic_weight,5,6.01511812210083
2023.0,nb_topics_actifs,,4.0
2023.0,mot_cle_eco,environment,711.0
2023.0,mot_cle_eco,environmental,570.0
2023.0,mot_cle_eco,climate,1906.0
2023.0,mot_cle_eco,global,306.0
2023.0,mot_cle_eco,warming,63.0
2023.0,mot_cle_eco,biodiversity,162.0
2023.0,mot_cle_eco,ecosystem,45.0
2023.0,mot_cle_eco,pollution,193.0
2023.0,mot_cle_eco,sustainable,731.0
2023.0,mot_cle_eco,sustainability,194.0
2023.0,mot_cle_eco,renewable,315.0
2023.0,mot_cle_eco,energy,2413.0
2023.0,mot_cle_eco,carbon,463.0
2023.0,mot_cle_eco,greenhouse,121.0
2023.0,mot_cle_eco,emissions,648.0
2023.0,mot_cle_eco,ecological,145.0
2023.0,mot_cle_eco,atmospheric,3.0
2023.0,mot_cle_eco,ozone,31.0
2023.0,mot_cle_eco,waste,436.0
2024.0,topic_weight,0,6.978855133056641
2024.0,topic_weight,1,3.2445974349975586
2024.0,topic_weight,2,5.987939357757568
2024.0,topic_weight,3,1.9867537021636963
2024.0,topic_weight,4,4.743982315063477
2024.0,topic_weight,5,0.9967052936553955
2024.0,nb_topics_actifs,,5.0
2024.0,mot_cle_eco,environment,200.0
2024.0,mot_cle_eco,environmental,178.0
2024.0,mot_cle_eco,climate,415.0
2024.0,mot_cle_eco,global,48.0
2024.0,mot_cle_eco,warming,12.0
2024.0,mot_cle_eco,biodiversity,40.0
2024.0,mot_cle_eco,ecosystem,15.0
2024.0,mot_cle_eco,pollution,56.0
2024.0,mot_cle_eco,sustainable,174.0
2024.0,mot_cle_eco,sustainability,72.0
2024.0,mot_cle_eco,renewable,36.0
2024.0,mot_cle_eco,energy,373.0
2024.0,mot_cle_eco,carbon,56.0
2024.0,mot_cle_eco,greenhouse,34.0
2024.0,mot_cle_eco,emissions,94.0
2024.0,mot_cle_eco,ecological,36.0
2024.0,mot_cle_eco,atmospheric,1.0
2024.0,mot_cle_eco,ozone,44.0
2024.0,mot_cle_eco,waste,29.0
