annee,pays,fichier,score_eco
1999.0,ITA,data/processed/EUPDCorp_TXT/1999.0/ITA.txt,0.573201142743962
1999.0,GBR,data/processed/EUPDCorp_TXT/1999.0/GBR.txt,0.5851327098654245
1999.0,DEU,data/processed/EUPDCorp_TXT/1999.0/DEU.txt,0.5997650168673734
1999.0,PRT,data/processed/EUPDCorp_TXT/1999.0/PRT.txt,0.3391172021923829
1999.0,NLD,data/processed/EUPDCorp_TXT/1999.0/NLD.txt,0.47489455388299673
1999.0,DNK,data/processed/EUPDCorp_TXT/1999.0/DNK.txt,0.461712276527264
1999.0,SWE,data/processed/EUPDCorp_TXT/1999.0/SWE.txt,0.4998414237526439
1999.0,ESP,data/processed/EUPDCorp_TXT/1999.0/ESP.txt,0.5694451678961953
1999.0,LUX,data/processed/EUPDCorp_TXT/1999.0/LUX.txt,0.38536506581920593
1999.0,GRC,data/processed/EUPDCorp_TXT/1999.0/GRC.txt,0.46980227092467836
1999.0,IRL,data/processed/EUPDCorp_TXT/1999.0/IRL.txt,0.5500338148415556
1999.0,FIN,data/processed/EUPDCorp_TXT/1999.0/FIN.txt,0.5151698718996761
1999.0,BEL,data/processed/EUPDCorp_TXT/1999.0/BEL.txt,0.5041913905212444
1999.0,FRA,data/processed/EUPDCorp_TXT/1999.0/FRA.txt,0.5828431847810942
1999.0,AUT,data/processed/EUPDCorp_TXT/1999.0/AUT.txt,0.5348522069165943
2000.0,ITA,data/processed/EUPDCorp_TXT/2000.0/ITA.txt,0.635277951190661
2000.0,GBR,data/processed/EUPDCorp_TXT/2000.0/GBR.txt,0.6315960116513005
2000.0,DEU,data/processed/EUPDCorp_TXT/2000.0/DEU.txt,0.6392573857090551
2000.0,PRT,data/processed/EUPDCorp_TXT/2000.0/PRT.txt,0.5610869661970234
2000.0,NLD,data/processed/EUPDCorp_TXT/2000.0/NLD.txt,0.5857870590256073
2000.0,DNK,data/processed/EUPDCorp_TXT/2000.0/DNK.txt,0.5335423059642347
2000.0,SWE,data/processed/EUPDCorp_TXT/2000.0/SWE.txt,0.5559258741103915
2000.0,ESP,data/processed/EUPDCorp_TXT/2000.0/ESP.txt,0.628079760933617
2000.0,LUX,data/processed/EUPDCorp_TXT/2000.0/LUX.txt,0.5325754949219479
2000.0,GRC,data/processed/EUPDCorp_TXT/2000.0/GRC.txt,0.5953674607193716
2000.0,IRL,data/processed/EUPDCorp_TXT/2000.0/IRL.txt,0.6259951814237138
2000.0,FIN,data/processed/EUPDCorp_TXT/2000.0/FIN.txt,0.6028276349074614
2000.0,BEL,data/processed/EUPDCorp_TXT/2000.0/BEL.txt,0.5805839144737563
2000.0,FRA,data/processed/EUPDCorp_TXT/2000.0/FRA.txt,0.6566488800299611
2000.0,AUT,data/processed/EUPDCorp_TXT/2000.0/AUT.txt,0.5803867914203886
2001.0,ITA,data/processed/EUPDCorp_TXT/2001.0/ITA.txt,0.6144202829279275
2001.0,GBR,data/processed/EUPDCorp_TXT/2001.0/GBR.txt,0.6449745119751747
2001.0,DEU,data/processed/EUPDCorp_TXT/2001.0/DEU.txt,0.6272084342914391
2001.0,PRT,data/processed/EUPDCorp_TXT/2001.0/PRT.txt,0.626396815084175
2001.0,NLD,data/processed/EUPDCorp_TXT/2001.0/NLD.txt,0.638588573281883
2001.0,DNK,data/processed/EUPDCorp_TXT/2001.0/DNK.txt,0.5429657155179831
2001.0,SWE,data/processed/EUPDCorp_TXT/2001.0/SWE.txt,0.5962403127565844
2001.0,ESP,data/processed/EUPDCorp_TXT/2001.0/ESP.txt,0.6388430634219615
2001.0,LUX,data/processed/EUPDCorp_TXT/2001.0/LUX.txt,0.5693812640306972
2001.0,GRC,data/processed/EUPDCorp_TXT/2001.0/GRC.txt,0.6135910469124382
2001.0,IRL,data/processed/EUPDCorp_TXT/2001.0/IRL.txt,0.5725835479402458
2001.0,FIN,data/processed/EUPDCorp_TXT/2001.0/FIN.txt,0.6637209629755418
2001.0,BEL,data/processed/EUPDCorp_TXT/2001.0/BEL.txt,0.5904647695257461
2001.0,FRA,data/processed/EUPDCorp_TXT/2001.0/FRA.txt,0.6460464009860518
2001.0,AUT,data/processed/EUPDCorp_TXT/2001.0/AUT.txt,0.5875368816394102
2002.0,ITA,data/processed/EUPDCorp_TXT/2002.0/ITA.txt,0.628845586360188
2002.0,GBR,data/processed/EUPDCorp_TXT/2002.0/GBR.txt,0.6430190165685836
2002.0,DEU,data/processed/EUPDCorp_TXT/2002.0/DEU.txt,0.6215287724475045
2002.0,PRT,data/processed/EUPDCorp_TXT/2002.0/PRT.txt,0.6088473788556273
2002.0,NLD,data/processed/EUPDCorp_TXT/2002.0/NLD.txt,0.6458166279433483
2002.0,DNK,data/processed/EUPDCorp_TXT/2002.0/DNK.txt,0.570754338151025
2002.0,SWE,data/processed/EUPDCorp_TXT/2002.0/SWE.txt,0.6247378973549745
2002.0,ESP,data/processed/EUPDCorp_TXT/2002.0/ESP.txt,0.626653439291924
2002.0,LUX,data/processed/EUPDCorp_TXT/2002.0/LUX.txt,0.5612962332505961
2002.0,GRC,data/processed/EUPDCorp_TXT/2002.0/GRC.txt,0.6393736524081794
2002.0,IRL,data/processed/EUPDCorp_TXT/2002.0/IRL.txt,0.578626465834433
2002.0,FIN,data/processed/EUPDCorp_TXT/2002.0/FIN.txt,0.6283011224701984
2002.0,BEL,data/processed/EUPDCorp_TXT/2002.0/BEL.txt,0.6175071091349544
2002.0,FRA,data/processed/EUPDCorp_TXT/2002.0/FRA.txt,0.651784023373599
2002.0,AUT,data/processed/EUPDCorp_TXT/2002.0/AUT.txt,0.6069163218581436
2003.0,ITA,data/processed/EUPDCorp_TXT/2003.0/ITA.txt,0.6104021557108971
2003.0,GBR,data/processed/EUPDCorp_TXT/2003.0/GBR.txt,0.6247761401288158
2003.0,DEU,data/processed/EUPDCorp_TXT/2003.0/DEU.txt,0.6199103313895906
2003.0,PRT,data/processed/EUPDCorp_TXT/2003.0/PRT.txt,0.587646402376103
2003.0,NLD,data/processed/EUPDCorp_TXT/2003.0/NLD.txt,0.6397193575209449
2003.0,DNK,data/processed/EUPDCorp_TXT/2003.0/DNK.txt,0.5458452360638386
2003.0,SWE,data/processed/EUPDCorp_TXT/2003.0/SWE.txt,0.5898939515242922
2003.0,ESP,data/processed/EUPDCorp_TXT/2003.0/ESP.txt,0.6041070104975238
2003.0,LUX,data/processed/EUPDCorp_TXT/2003.0/LUX.txt,0.5853047089420176
2003.0,GRC,data/processed/EUPDCorp_TXT/2003.0/GRC.txt,0.6130570932200459
2003.0,IRL,data/processed/EUPDCorp_TXT/2003.0/IRL.txt,0.579783610921745
2003.0,FIN,data/processed/EUPDCorp_TXT/2003.0/FIN.txt,0.5736448445401738
2003.0,BEL,data/processed/EUPDCorp_TXT/2003.0/BEL.txt,0.6215444457398124
2003.0,FRA,data/processed/EUPDCorp_TXT/2003.0/FRA.txt,0.648357900623246
2003.0,AUT,data/processed/EUPDCorp_TXT/2003.0/AUT.txt,0.5857397621188357
2004.0,ITA,data/processed/EUPDCorp_TXT/2004.0/ITA.txt,0.6011523342373651
2004.0,MLT,data/processed/EUPDCorp_TXT/2004.0/MLT.txt,0.35277132747831125
2004.0,POL,data/processed/EUPDCorp_TXT/2004.0/POL.txt,0.4902357778119486
2004.0,CZE,data/processed/EUPDCorp_TXT/2004.0/CZE.txt,0.32967395311473546
2004.0,GBR,data/processed/EUPDCorp_TXT/2004.0/GBR.txt,0.6021647364408261
2004.0,DEU,data/processed/EUPDCorp_TXT/2004.0/DEU.txt,0.5993394127204664
2004.0,PRT,data/processed/EUPDCorp_TXT/2004.0/PRT.txt,0.6646280939568823
2004.0,SVK,data/processed/EUPDCorp_TXT/2004.0/SVK.txt,0.3936260852246209
2004.0,SVN,data/processed/EUPDCorp_TXT/2004.0/SVN.txt,0.3847742613391434
2004.0,LTU,data/processed/EUPDCorp_TXT/2004.0/LTU.txt,0.24627832488765664
2004.0,NLD,data/processed/EUPDCorp_TXT/2004.0/NLD.txt,0.6120214786376673
2004.0,DNK,data/processed/EUPDCorp_TXT/2004.0/DNK.txt,0.5336531125832539
2004.0,SWE,data/processed/EUPDCorp_TXT/2004.0/SWE.txt,0.6066774957033643
2004.0,HUN,data/processed/EUPDCorp_TXT/2004.0/HUN.txt,0.38031250727695803
2004.0,EST,data/processed/EUPDCorp_TXT/2004.0/EST.txt,0.34202725980722065
2004.0,ESP,data/processed/EUPDCorp_TXT/2004.0/ESP.txt,0.6147105242799792
2004.0,LUX,data/processed/EUPDCorp_TXT/2004.0/LUX.txt,0.5119763623045342
2004.0,LVA,data/processed/EUPDCorp_TXT/2004.0/LVA.txt,0.3853809034357723
2004.0,GRC,data/processed/EUPDCorp_TXT/2004.0/GRC.txt,0.6066864962219118
2004.0,IRL,data/processed/EUPDCorp_TXT/2004.0/IRL.txt,0.5460382552700599
2004.0,CYP,data/processed/EUPDCorp_TXT/2004.0/CYP.txt,0.20284719934133266
2004.0,FIN,data/processed/EUPDCorp_TXT/2004.0/FIN.txt,0.596661311698799
2004.0,BEL,data/processed/EUPDCorp_TXT/2004.0/BEL.txt,0.5868747242986067
2004.0,FRA,data/processed/EUPDCorp_TXT/2004.0/FRA.txt,0.6446518189943288
2004.0,AUT,data/processed/EUPDCorp_TXT/2004.0/AUT.txt,0.5717940131179154
2005.0,ITA,data/processed/EUPDCorp_TXT/2005.0/ITA.txt,0.661411769207789
2005.0,MLT,data/processed/EUPDCorp_TXT/2005.0/MLT.txt,0.4256929969970077
2005.0,POL,data/processed/EUPDCorp_TXT/2005.0/POL.txt,0.5927489964834021
2005.0,CZE,data/processed/EUPDCorp_TXT/2005.0/CZE.txt,0.5581695144447653
2005.0,GBR,data/processed/EUPDCorp_TXT/2005.0/GBR.txt,0.6082282978857295
2005.0,DEU,data/processed/EUPDCorp_TXT/2005.0/DEU.txt,0.6348954580722267
2005.0,PRT,data/processed/EUPDCorp_TXT/2005.0/PRT.txt,0.6743636201446119
2005.0,SVK,data/processed/EUPDCorp_TXT/2005.0/SVK.txt,0.5337315441176662
2005.0,SVN,data/processed/EUPDCorp_TXT/2005.0/SVN.txt,0.5509652121370848
2005.0,LTU,data/processed/EUPDCorp_TXT/2005.0/LTU.txt,0.505287177210163
2005.0,NLD,data/processed/EUPDCorp_TXT/2005.0/NLD.txt,0.6201205364308778
2005.0,DNK,data/processed/EUPDCorp_TXT/2005.0/DNK.txt,0.5642628047598373
2005.0,SWE,data/processed/EUPDCorp_TXT/2005.0/SWE.txt,0.6181884119779082
2005.0,HUN,data/processed/EUPDCorp_TXT/2005.0/HUN.txt,0.5470909138213642
2005.0,EST,data/processed/EUPDCorp_TXT/2005.0/EST.txt,0.36931083743669274
2005.0,ESP,data/processed/EUPDCorp_TXT/2005.0/ESP.txt,0.6338567216849069
2005.0,LUX,data/processed/EUPDCorp_TXT/2005.0/LUX.txt,0.5668130930725896
2005.0,LVA,data/processed/EUPDCorp_TXT/2005.0/LVA.txt,0.4756520791746718
2005.0,GRC,data/processed/EUPDCorp_TXT/2005.0/GRC.txt,0.6548294745603719
2005.0,IRL,data/processed/EUPDCorp_TXT/2005.0/IRL.txt,0.5541713073792082
2005.0,CYP,data/processed/EUPDCorp_TXT/2005.0/CYP.txt,0.515764426395309
2005.0,FIN,data/processed/EUPDCorp_TXT/2005.0/FIN.txt,0.6457438924897946
2005.0,BEL,data/processed/EUPDCorp_TXT/2005.0/BEL.txt,0.6277551826085545
2005.0,FRA,data/processed/EUPDCorp_TXT/2005.0/FRA.txt,0.6518824425814165
2005.0,AUT,data/processed/EUPDCorp_TXT/2005.0/AUT.txt,0.5961171418009317
2006.0,ITA,data/processed/EUPDCorp_TXT/2006.0/ITA.txt,0.6516358709862298
2006.0,MLT,data/processed/EUPDCorp_TXT/2006.0/MLT.txt,0.44308556201370064
2006.0,POL,data/processed/EUPDCorp_TXT/2006.0/POL.txt,0.6116579612997294
2006.0,CZE,data/processed/EUPDCorp_TXT/2006.0/CZE.txt,0.5743358710673767
2006.0,GBR,data/processed/EUPDCorp_TXT/2006.0/GBR.txt,0.6066788467264651
2006.0,DEU,data/processed/EUPDCorp_TXT/2006.0/DEU.txt,0.6529832103961164
2006.0,PRT,data/processed/EUPDCorp_TXT/2006.0/PRT.txt,0.6771113921813819
2006.0,SVK,data/processed/EUPDCorp_TXT/2006.0/SVK.txt,0.5474657621350834
2006.0,SVN,data/processed/EUPDCorp_TXT/2006.0/SVN.txt,0.5611358461540936
2006.0,LTU,data/processed/EUPDCorp_TXT/2006.0/LTU.txt,0.6022271948699007
2006.0,NLD,data/processed/EUPDCorp_TXT/2006.0/NLD.txt,0.6324265993134036
2006.0,DNK,data/processed/EUPDCorp_TXT/2006.0/DNK.txt,0.5362915586769682
2006.0,SWE,data/processed/EUPDCorp_TXT/2006.0/SWE.txt,0.6186375443625912
2006.0,HUN,data/processed/EUPDCorp_TXT/2006.0/HUN.txt,0.5898492212153668
2006.0,EST,data/processed/EUPDCorp_TXT/2006.0/EST.txt,0.4492991188728058
2006.0,ESP,data/processed/EUPDCorp_TXT/2006.0/ESP.txt,0.6343515220945788
2006.0,LUX,data/processed/EUPDCorp_TXT/2006.0/LUX.txt,0.563251332833087
2006.0,LVA,data/processed/EUPDCorp_TXT/2006.0/LVA.txt,0.5235906055176094
2006.0,GRC,data/processed/EUPDCorp_TXT/2006.0/GRC.txt,0.657860787846262
2006.0,IRL,data/processed/EUPDCorp_TXT/2006.0/IRL.txt,0.5773685659558742
2006.0,CYP,data/processed/EUPDCorp_TXT/2006.0/CYP.txt,0.48586306218932873
2006.0,FIN,data/processed/EUPDCorp_TXT/2006.0/FIN.txt,0.6245072068367131
2006.0,BEL,data/processed/EUPDCorp_TXT/2006.0/BEL.txt,0.6117161535809377
2006.0,FRA,data/processed/EUPDCorp_TXT/2006.0/FRA.txt,0.6761842742580678
2006.0,AUT,data/processed/EUPDCorp_TXT/2006.0/AUT.txt,0.5891677541103549
2007.0,ITA,data/processed/EUPDCorp_TXT/2007.0/ITA.txt,0.642990609905584
2007.0,MLT,data/processed/EUPDCorp_TXT/2007.0/MLT.txt,0.4224937533672587
2007.0,POL,data/processed/EUPDCorp_TXT/2007.0/POL.txt,0.627479019056742
2007.0,CZE,data/processed/EUPDCorp_TXT/2007.0/CZE.txt,0.5771182836130033
2007.0,GBR,data/processed/EUPDCorp_TXT/2007.0/GBR.txt,0.596815981669988
2007.0,DEU,data/processed/EUPDCorp_TXT/2007.0/DEU.txt,0.6412896936214968
2007.0,PRT,data/processed/EUPDCorp_TXT/2007.0/PRT.txt,0.667833920359731
2007.0,SVK,data/processed/EUPDCorp_TXT/2007.0/SVK.txt,0.5814448370953286
2007.0,SVN,data/processed/EUPDCorp_TXT/2007.0/SVN.txt,0.5199067092999066
2007.0,LTU,data/processed/EUPDCorp_TXT/2007.0/LTU.txt,0.6438942402180307
2007.0,NLD,data/processed/EUPDCorp_TXT/2007.0/NLD.txt,0.6246195831567346
2007.0,DNK,data/processed/EUPDCorp_TXT/2007.0/DNK.txt,0.5502212613305473
2007.0,SWE,data/processed/EUPDCorp_TXT/2007.0/SWE.txt,0.6122534108142055
2007.0,HUN,data/processed/EUPDCorp_TXT/2007.0/HUN.txt,0.6273542811832287
2007.0,EST,data/processed/EUPDCorp_TXT/2007.0/EST.txt,0.48591928991426014
2007.0,ESP,data/processed/EUPDCorp_TXT/2007.0/ESP.txt,0.6578034449486903
2007.0,LUX,data/processed/EUPDCorp_TXT/2007.0/LUX.txt,0.4371748936001424
2007.0,LVA,data/processed/EUPDCorp_TXT/2007.0/LVA.txt,0.4742664080845026
2007.0,GRC,data/processed/EUPDCorp_TXT/2007.0/GRC.txt,0.6778009707678696
2007.0,IRL,data/processed/EUPDCorp_TXT/2007.0/IRL.txt,0.40247654290974383
2007.0,CYP,data/processed/EUPDCorp_TXT/2007.0/CYP.txt,0.5185481155003593
2007.0,FIN,data/processed/EUPDCorp_TXT/2007.0/FIN.txt,0.67188458575964
2007.0,ROU,data/processed/EUPDCorp_TXT/2007.0/ROU.txt,0.6218826616246279
2007.0,BEL,data/processed/EUPDCorp_TXT/2007.0/BEL.txt,0.6169222801137911
2007.0,FRA,data/processed/EUPDCorp_TXT/2007.0/FRA.txt,0.6809407830236797
2007.0,AUT,data/processed/EUPDCorp_TXT/2007.0/AUT.txt,0.6230045539574487
2007.0,BGR,data/processed/EUPDCorp_TXT/2007.0/BGR.txt,0.40353093929796796
2008.0,ITA,data/processed/EUPDCorp_TXT/2008.0/ITA.txt,0.6413509459311801
2008.0,MLT,data/processed/EUPDCorp_TXT/2008.0/MLT.txt,0.4781776706003368
2008.0,POL,data/processed/EUPDCorp_TXT/2008.0/POL.txt,0.6556029808939197
2008.0,CZE,data/processed/EUPDCorp_TXT/2008.0/CZE.txt,0.5878727896222741
2008.0,GBR,data/processed/EUPDCorp_TXT/2008.0/GBR.txt,0.5855045543058057
2008.0,DEU,data/processed/EUPDCorp_TXT/2008.0/DEU.txt,0.6479228998926049
2008.0,PRT,data/processed/EUPDCorp_TXT/2008.0/PRT.txt,0.6831005869823947
2008.0,SVK,data/processed/EUPDCorp_TXT/2008.0/SVK.txt,0.5726755898486459
2008.0,SVN,data/processed/EUPDCorp_TXT/2008.0/SVN.txt,0.5394923241733146
2008.0,LTU,data/processed/EUPDCorp_TXT/2008.0/LTU.txt,0.6528488728338501
2008.0,NLD,data/processed/EUPDCorp_TXT/2008.0/NLD.txt,0.6280612269540817
2008.0,DNK,data/processed/EUPDCorp_TXT/2008.0/DNK.txt,0.6041922829904062
2008.0,SWE,data/processed/EUPDCorp_TXT/2008.0/SWE.txt,0.6424909897356992
2008.0,HUN,data/processed/EUPDCorp_TXT/2008.0/HUN.txt,0.5937380105130217
2008.0,EST,data/processed/EUPDCorp_TXT/2008.0/EST.txt,0.5481928777145444
2008.0,ESP,data/processed/EUPDCorp_TXT/2008.0/ESP.txt,0.6714146068415121
2008.0,LUX,data/processed/EUPDCorp_TXT/2008.0/LUX.txt,0.6099122958381583
2008.0,LVA,data/processed/EUPDCorp_TXT/2008.0/LVA.txt,0.47871093619546395
2008.0,GRC,data/processed/EUPDCorp_TXT/2008.0/GRC.txt,0.6629780707471846
2008.0,IRL,data/processed/EUPDCorp_TXT/2008.0/IRL.txt,0.3646234990953078
2008.0,CYP,data/processed/EUPDCorp_TXT/2008.0/CYP.txt,0.49872259079731485
2008.0,FIN,data/processed/EUPDCorp_TXT/2008.0/FIN.txt,0.6782671841504501
2008.0,ROU,data/processed/EUPDCorp_TXT/2008.0/ROU.txt,0.6827510138200106
2008.0,BEL,data/processed/EUPDCorp_TXT/2008.0/BEL.txt,0.6178748685119457
2008.0,FRA,data/processed/EUPDCorp_TXT/2008.0/FRA.txt,0.6648803196073273
2008.0,AUT,data/processed/EUPDCorp_TXT/2008.0/AUT.txt,0.6081140350435317
2008.0,BGR,data/processed/EUPDCorp_TXT/2008.0/BGR.txt,0.6178789450979952
2009.0,ITA,data/processed/EUPDCorp_TXT/2009.0/ITA.txt,0.6281994503665745
2009.0,MLT,data/processed/EUPDCorp_TXT/2009.0/MLT.txt,0.4764696021513959
2009.0,POL,data/processed/EUPDCorp_TXT/2009.0/POL.txt,0.6382862709288161
2009.0,CZE,data/processed/EUPDCorp_TXT/2009.0/CZE.txt,0.49849086658055086
2009.0,GBR,data/processed/EUPDCorp_TXT/2009.0/GBR.txt,0.5881749816477085
2009.0,DEU,data/processed/EUPDCorp_TXT/2009.0/DEU.txt,0.6400560662586315
2009.0,PRT,data/processed/EUPDCorp_TXT/2009.0/PRT.txt,0.6553691295365329
2009.0,SVK,data/processed/EUPDCorp_TXT/2009.0/SVK.txt,0.5003133308706178
2009.0,SVN,data/processed/EUPDCorp_TXT/2009.0/SVN.txt,0.5194055597518826
2009.0,LTU,data/processed/EUPDCorp_TXT/2009.0/LTU.txt,0.6246406695822896
2009.0,NLD,data/processed/EUPDCorp_TXT/2009.0/NLD.txt,0.606487501851414
2009.0,DNK,data/processed/EUPDCorp_TXT/2009.0/DNK.txt,0.5509938912970157
2009.0,SWE,data/processed/EUPDCorp_TXT/2009.0/SWE.txt,0.600600575600778
2009.0,HUN,data/processed/EUPDCorp_TXT/2009.0/HUN.txt,0.5607394907328586
2009.0,EST,data/processed/EUPDCorp_TXT/2009.0/EST.txt,0.5527002451283533
2009.0,ESP,data/processed/EUPDCorp_TXT/2009.0/ESP.txt,0.6332828449956267
2009.0,LUX,data/processed/EUPDCorp_TXT/2009.0/LUX.txt,0.576990189416476
2009.0,LVA,data/processed/EUPDCorp_TXT/2009.0/LVA.txt,0.47323669102962923
2009.0,GRC,data/processed/EUPDCorp_TXT/2009.0/GRC.txt,0.6648986860916997
2009.0,IRL,data/processed/EUPDCorp_TXT/2009.0/IRL.txt,0.5156210808425042
2009.0,CYP,data/processed/EUPDCorp_TXT/2009.0/CYP.txt,0.4209397039167115
2009.0,FIN,data/processed/EUPDCorp_TXT/2009.0/FIN.txt,0.6249378205717967
2009.0,ROU,data/processed/EUPDCorp_TXT/2009.0/ROU.txt,0.6829022893113444
2009.0,BEL,data/processed/EUPDCorp_TXT/2009.0/BEL.txt,0.5907960013156086
2009.0,FRA,data/processed/EUPDCorp_TXT/2009.0/FRA.txt,0.6469360560571981
2009.0,AUT,data/processed/EUPDCorp_TXT/2009.0/AUT.txt,0.5839063422084734
2009.0,BGR,data/processed/EUPDCorp_TXT/2009.0/BGR.txt,0.6202465860507478
2010.0,ITA,data/processed/EUPDCorp_TXT/2010.0/ITA.txt,0.6550527470871848
2010.0,MLT,data/processed/EUPDCorp_TXT/2010.0/MLT.txt,0.5765494235692933
2010.0,POL,data/processed/EUPDCorp_TXT/2010.0/POL.txt,0.6505655157687872
2010.0,CZE,data/processed/EUPDCorp_TXT/2010.0/CZE.txt,0.6271822973078478
2010.0,GBR,data/processed/EUPDCorp_TXT/2010.0/GBR.txt,0.5761774682939046
2010.0,DEU,data/processed/EUPDCorp_TXT/2010.0/DEU.txt,0.6369635952422883
2010.0,PRT,data/processed/EUPDCorp_TXT/2010.0/PRT.txt,0.6476674208726935
2010.0,SVK,data/processed/EUPDCorp_TXT/2010.0/SVK.txt,0.6277150280426351
2010.0,SVN,data/processed/EUPDCorp_TXT/2010.0/SVN.txt,0.40768206749497177
2010.0,LTU,data/processed/EUPDCorp_TXT/2010.0/LTU.txt,0.7014043602926028
2010.0,NLD,data/processed/EUPDCorp_TXT/2010.0/NLD.txt,0.5653360818468072
2010.0,DNK,data/processed/EUPDCorp_TXT/2010.0/DNK.txt,0.6012991805662663
2010.0,SWE,data/processed/EUPDCorp_TXT/2010.0/SWE.txt,0.6274894933885102
2010.0,HUN,data/processed/EUPDCorp_TXT/2010.0/HUN.txt,0.5780219646929025
2010.0,EST,data/processed/EUPDCorp_TXT/2010.0/EST.txt,0.5524905626638771
2010.0,ESP,data/processed/EUPDCorp_TXT/2010.0/ESP.txt,0.6425644444090668
2010.0,LUX,data/processed/EUPDCorp_TXT/2010.0/LUX.txt,0.5523946941973298
2010.0,LVA,data/processed/EUPDCorp_TXT/2010.0/LVA.txt,0.44256661048359675
2010.0,GRC,data/processed/EUPDCorp_TXT/2010.0/GRC.txt,0.6410354651857008
2010.0,IRL,data/processed/EUPDCorp_TXT/2010.0/IRL.txt,0.2038484894254705
2010.0,CYP,data/processed/EUPDCorp_TXT/2010.0/CYP.txt,0.45504037392373
2010.0,FIN,data/processed/EUPDCorp_TXT/2010.0/FIN.txt,0.5993135010707613
2010.0,ROU,data/processed/EUPDCorp_TXT/2010.0/ROU.txt,0.6972246666355995
2010.0,BEL,data/processed/EUPDCorp_TXT/2010.0/BEL.txt,0.6322905686616174
2010.0,FRA,data/processed/EUPDCorp_TXT/2010.0/FRA.txt,0.6581869111159653
2010.0,AUT,data/processed/EUPDCorp_TXT/2010.0/AUT.txt,0.6161474169745677
2010.0,BGR,data/processed/EUPDCorp_TXT/2010.0/BGR.txt,0.5920288164194905
2011.0,ITA,data/processed/EUPDCorp_TXT/2011.0/ITA.txt,0.6534234196464376
2011.0,MLT,data/processed/EUPDCorp_TXT/2011.0/MLT.txt,0.5349545486308578
2011.0,POL,data/processed/EUPDCorp_TXT/2011.0/POL.txt,0.638037305339432
2011.0,CZE,data/processed/EUPDCorp_TXT/2011.0/CZE.txt,0.6356966900026738
2011.0,GBR,data/processed/EUPDCorp_TXT/2011.0/GBR.txt,0.5882777637524907
2011.0,DEU,data/processed/EUPDCorp_TXT/2011.0/DEU.txt,0.6432739779007749
2011.0,PRT,data/processed/EUPDCorp_TXT/2011.0/PRT.txt,0.6240303539829244
2011.0,SVK,data/processed/EUPDCorp_TXT/2011.0/SVK.txt,0.6665305495939057
2011.0,SVN,data/processed/EUPDCorp_TXT/2011.0/SVN.txt,0.4759603932962556
2011.0,LTU,data/processed/EUPDCorp_TXT/2011.0/LTU.txt,0.683348319072092
2011.0,NLD,data/processed/EUPDCorp_TXT/2011.0/NLD.txt,0.5640202055429268
2011.0,DNK,data/processed/EUPDCorp_TXT/2011.0/DNK.txt,0.5737169336300536
2011.0,SWE,data/processed/EUPDCorp_TXT/2011.0/SWE.txt,0.6238697955991565
2011.0,HUN,data/processed/EUPDCorp_TXT/2011.0/HUN.txt,0.5237925211157887
2011.0,EST,data/processed/EUPDCorp_TXT/2011.0/EST.txt,0.5476550079989629
2011.0,ESP,data/processed/EUPDCorp_TXT/2011.0/ESP.txt,0.6509817858969342
2011.0,LUX,data/processed/EUPDCorp_TXT/2011.0/LUX.txt,0.5809789617935169
2011.0,LVA,data/processed/EUPDCorp_TXT/2011.0/LVA.txt,0.540357932211865
2011.0,GRC,data/processed/EUPDCorp_TXT/2011.0/GRC.txt,0.6646891852654995
2011.0,IRL,data/processed/EUPDCorp_TXT/2011.0/IRL.txt,0.20635744116073554
2011.0,CYP,data/processed/EUPDCorp_TXT/2011.0/CYP.txt,0.40693330794339794
2011.0,FIN,data/processed/EUPDCorp_TXT/2011.0/FIN.txt,0.6075558807109186
2011.0,ROU,data/processed/EUPDCorp_TXT/2011.0/ROU.txt,0.6896104982506495
2011.0,BEL,data/processed/EUPDCorp_TXT/2011.0/BEL.txt,0.6237444191337814
2011.0,FRA,data/processed/EUPDCorp_TXT/2011.0/FRA.txt,0.6358311241326294
2011.0,AUT,data/processed/EUPDCorp_TXT/2011.0/AUT.txt,0.609779253916048
2011.0,BGR,data/processed/EUPDCorp_TXT/2011.0/BGR.txt,0.5896877724076203
2012.0,ITA,data/processed/EUPDCorp_TXT/2012.0/ITA.txt,0.652037267998722
2012.0,MLT,data/processed/EUPDCorp_TXT/2012.0/MLT.txt,0.5164340720463675
2012.0,POL,data/processed/EUPDCorp_TXT/2012.0/POL.txt,0.6281645679970466
2012.0,CZE,data/processed/EUPDCorp_TXT/2012.0/CZE.txt,0.6143788507328153
2012.0,GBR,data/processed/EUPDCorp_TXT/2012.0/GBR.txt,0.5996637340895824
2012.0,DEU,data/processed/EUPDCorp_TXT/2012.0/DEU.txt,0.6180491691973097
2012.0,PRT,data/processed/EUPDCorp_TXT/2012.0/PRT.txt,0.6111779937481429
2012.0,SVK,data/processed/EUPDCorp_TXT/2012.0/SVK.txt,0.6714745430652702
2012.0,SVN,data/processed/EUPDCorp_TXT/2012.0/SVN.txt,0.5268192679257105
2012.0,LTU,data/processed/EUPDCorp_TXT/2012.0/LTU.txt,0.6686332855815643
2012.0,NLD,data/processed/EUPDCorp_TXT/2012.0/NLD.txt,0.5521009712305895
2012.0,DNK,data/processed/EUPDCorp_TXT/2012.0/DNK.txt,0.5423217212104702
2012.0,SWE,data/processed/EUPDCorp_TXT/2012.0/SWE.txt,0.6210955319816307
2012.0,HUN,data/processed/EUPDCorp_TXT/2012.0/HUN.txt,0.580511356665228
2012.0,EST,data/processed/EUPDCorp_TXT/2012.0/EST.txt,0.5695267602717198
2012.0,ESP,data/processed/EUPDCorp_TXT/2012.0/ESP.txt,0.6572776493507725
2012.0,LUX,data/processed/EUPDCorp_TXT/2012.0/LUX.txt,0.5558257617139547
2012.0,LVA,data/processed/EUPDCorp_TXT/2012.0/LVA.txt,0.5113206497207581
2012.0,GRC,data/processed/EUPDCorp_TXT/2012.0/GRC.txt,0.6396596466344828
2012.0,IRL,data/processed/EUPDCorp_TXT/2012.0/IRL.txt,0.20286848217575656
2012.0,CYP,data/processed/EUPDCorp_TXT/2012.0/CYP.txt,0.41994523138476203
2012.0,FIN,data/processed/EUPDCorp_TXT/2012.0/FIN.txt,0.604396729868246
2012.0,ROU,data/processed/EUPDCorp_TXT/2012.0/ROU.txt,0.6974807721771985
2012.0,BEL,data/processed/EUPDCorp_TXT/2012.0/BEL.txt,0.6022213162712083
2012.0,FRA,data/processed/EUPDCorp_TXT/2012.0/FRA.txt,0.5940540230105471
2012.0,AUT,data/processed/EUPDCorp_TXT/2012.0/AUT.txt,0.5975037732254288
2012.0,BGR,data/processed/EUPDCorp_TXT/2012.0/BGR.txt,0.6274256161423857
2013.0,ITA,data/processed/EUPDCorp_TXT/2013.0/ITA.txt,0.6534793880085028
2013.0,HRV,data/processed/EUPDCorp_TXT/2013.0/HRV.txt,0.5583286550004765
2013.0,MLT,data/processed/EUPDCorp_TXT/2013.0/MLT.txt,0.514061085919733
2013.0,POL,data/processed/EUPDCorp_TXT/2013.0/POL.txt,0.6640687713557691
2013.0,CZE,data/processed/EUPDCorp_TXT/2013.0/CZE.txt,0.6039100211312024
2013.0,GBR,data/processed/EUPDCorp_TXT/2013.0/GBR.txt,0.5714379890024389
2013.0,DEU,data/processed/EUPDCorp_TXT/2013.0/DEU.txt,0.6189535404537195
2013.0,PRT,data/processed/EUPDCorp_TXT/2013.0/PRT.txt,0.6330822382053145
2013.0,SVK,data/processed/EUPDCorp_TXT/2013.0/SVK.txt,0.6606059961160929
2013.0,SVN,data/processed/EUPDCorp_TXT/2013.0/SVN.txt,0.5955219531760547
2013.0,LTU,data/processed/EUPDCorp_TXT/2013.0/LTU.txt,0.675470373855317
2013.0,NLD,data/processed/EUPDCorp_TXT/2013.0/NLD.txt,0.5552807425759364
2013.0,DNK,data/processed/EUPDCorp_TXT/2013.0/DNK.txt,0.5404694055309479
2013.0,SWE,data/processed/EUPDCorp_TXT/2013.0/SWE.txt,0.6071351299255848
2013.0,HUN,data/processed/EUPDCorp_TXT/2013.0/HUN.txt,0.5651351674907458
2013.0,EST,data/processed/EUPDCorp_TXT/2013.0/EST.txt,0.5890337857961915
2013.0,ESP,data/processed/EUPDCorp_TXT/2013.0/ESP.txt,0.6602787633914717
2013.0,LUX,data/processed/EUPDCorp_TXT/2013.0/LUX.txt,0.5409532876067931
2013.0,LVA,data/processed/EUPDCorp_TXT/2013.0/LVA.txt,0.47725521944038896
2013.0,GRC,data/processed/EUPDCorp_TXT/2013.0/GRC.txt,0.6388615167653408
2013.0,IRL,data/processed/EUPDCorp_TXT/2013.0/IRL.txt,0.2029158507247081
2013.0,CYP,data/processed/EUPDCorp_TXT/2013.0/CYP.txt,0.5815435736088348
2013.0,FIN,data/processed/EUPDCorp_TXT/2013.0/FIN.txt,0.608161314911699
2013.0,ROU,data/processed/EUPDCorp_TXT/2013.0/ROU.txt,0.6794060773585198
2013.0,BEL,data/processed/EUPDCorp_TXT/2013.0/BEL.txt,0.6154666515733541
2013.0,FRA,data/processed/EUPDCorp_TXT/2013.0/FRA.txt,0.5948702798340447
2013.0,AUT,data/processed/EUPDCorp_TXT/2013.0/AUT.txt,0.6007572172152275
2013.0,BGR,data/processed/EUPDCorp_TXT/2013.0/BGR.txt,0.5846107610195732
2014.0,ITA,data/processed/EUPDCorp_TXT/2014.0/ITA.txt,0.5876485086422406
2014.0,HRV,data/processed/EUPDCorp_TXT/2014.0/HRV.txt,0.6457676592927537
2014.0,MLT,data/processed/EUPDCorp_TXT/2014.0/MLT.txt,0.48213125325195955
2014.0,POL,data/processed/EUPDCorp_TXT/2014.0/POL.txt,0.6240230070404388
2014.0,CZE,data/processed/EUPDCorp_TXT/2014.0/CZE.txt,0.5780126619780299
2014.0,GBR,data/processed/EUPDCorp_TXT/2014.0/GBR.txt,0.546790378188816
2014.0,DEU,data/processed/EUPDCorp_TXT/2014.0/DEU.txt,0.6103808180307574
2014.0,PRT,data/processed/EUPDCorp_TXT/2014.0/PRT.txt,0.6208674200246957
2014.0,SVK,data/processed/EUPDCorp_TXT/2014.0/SVK.txt,0.6052569989112074
2014.0,SVN,data/processed/EUPDCorp_TXT/2014.0/SVN.txt,0.5423843761166244
2014.0,LTU,data/processed/EUPDCorp_TXT/2014.0/LTU.txt,0.6518899004207025
2014.0,NLD,data/processed/EUPDCorp_TXT/2014.0/NLD.txt,0.5589202747569646
2014.0,DNK,data/processed/EUPDCorp_TXT/2014.0/DNK.txt,0.5304659146797642
2014.0,SWE,data/processed/EUPDCorp_TXT/2014.0/SWE.txt,0.6045917071865391
2014.0,HUN,data/processed/EUPDCorp_TXT/2014.0/HUN.txt,0.4925765916957735
2014.0,EST,data/processed/EUPDCorp_TXT/2014.0/EST.txt,0.5096622413795813
2014.0,ESP,data/processed/EUPDCorp_TXT/2014.0/ESP.txt,0.6006727928148585
2014.0,LUX,data/processed/EUPDCorp_TXT/2014.0/LUX.txt,0.4834078082092443
2014.0,LVA,data/processed/EUPDCorp_TXT/2014.0/LVA.txt,0.42897264921977635
2014.0,GRC,data/processed/EUPDCorp_TXT/2014.0/GRC.txt,0.5008168562193454
2014.0,IRL,data/processed/EUPDCorp_TXT/2014.0/IRL.txt,0.22512346879584882
2014.0,CYP,data/processed/EUPDCorp_TXT/2014.0/CYP.txt,0.5223246884263709
2014.0,FIN,data/processed/EUPDCorp_TXT/2014.0/FIN.txt,0.6145833388056529
2014.0,ROU,data/processed/EUPDCorp_TXT/2014.0/ROU.txt,0.6270575012338013
2014.0,BEL,data/processed/EUPDCorp_TXT/2014.0/BEL.txt,0.5935924386106547
2014.0,FRA,data/processed/EUPDCorp_TXT/2014.0/FRA.txt,0.528897649040792
2014.0,AUT,data/processed/EUPDCorp_TXT/2014.0/AUT.txt,0.5889087791941379
2014.0,BGR,data/processed/EUPDCorp_TXT/2014.0/BGR.txt,0.5730741825103384
2015.0,ITA,data/processed/EUPDCorp_TXT/2015.0/ITA.txt,0.5697974279904766
2015.0,HRV,data/processed/EUPDCorp_TXT/2015.0/HRV.txt,0.6401819191839219
2015.0,MLT,data/processed/EUPDCorp_TXT/2015.0/MLT.txt,0.5366245905798385
2015.0,POL,data/processed/EUPDCorp_TXT/2015.0/POL.txt,0.6539268554517198
2015.0,CZE,data/processed/EUPDCorp_TXT/2015.0/CZE.txt,0.6009785710410288
2015.0,GBR,data/processed/EUPDCorp_TXT/2015.0/GBR.txt,0.49834099551908795
2015.0,DEU,data/processed/EUPDCorp_TXT/2015.0/DEU.txt,0.6122343564927425
2015.0,PRT,data/processed/EUPDCorp_TXT/2015.0/PRT.txt,0.6999475405758138
2015.0,SVK,data/processed/EUPDCorp_TXT/2015.0/SVK.txt,0.5718174742290069
2015.0,SVN,data/processed/EUPDCorp_TXT/2015.0/SVN.txt,0.6224100282692923
2015.0,LTU,data/processed/EUPDCorp_TXT/2015.0/LTU.txt,0.6197385427988726
2015.0,NLD,data/processed/EUPDCorp_TXT/2015.0/NLD.txt,0.5628439419421148
2015.0,DNK,data/processed/EUPDCorp_TXT/2015.0/DNK.txt,0.5779372080684079
2015.0,SWE,data/processed/EUPDCorp_TXT/2015.0/SWE.txt,0.5753785919273767
2015.0,HUN,data/processed/EUPDCorp_TXT/2015.0/HUN.txt,0.573102661038177
2015.0,EST,data/processed/EUPDCorp_TXT/2015.0/EST.txt,0.4815624651337291
2015.0,ESP,data/processed/EUPDCorp_TXT/2015.0/ESP.txt,0.5762184479601133
2015.0,LUX,data/processed/EUPDCorp_TXT/2015.0/LUX.txt,0.6297932435258397
2015.0,LVA,data/processed/EUPDCorp_TXT/2015.0/LVA.txt,0.5706920916053305
2015.0,GRC,data/processed/EUPDCorp_TXT/2015.0/GRC.txt,0.5101169863444027
2015.0,IRL,data/processed/EUPDCorp_TXT/2015.0/IRL.txt,0.5422644163656006
2015.0,CYP,data/processed/EUPDCorp_TXT/2015.0/CYP.txt,0.5192078665945231
2015.0,FIN,data/processed/EUPDCorp_TXT/2015.0/FIN.txt,0.621771863194495
2015.0,ROU,data/processed/EUPDCorp_TXT/2015.0/ROU.txt,0.6490516514366383
2015.0,BEL,data/processed/EUPDCorp_TXT/2015.0/BEL.txt,0.5671532322453127
2015.0,FRA,data/processed/EUPDCorp_TXT/2015.0/FRA.txt,0.49134466600323806
2015.0,AUT,data/processed/EUPDCorp_TXT/2015.0/AUT.txt,0.4409155264100644
2015.0,BGR,data/processed/EUPDCorp_TXT/2015.0/BGR.txt,0.5971739867497202
2016.0,ITA,data/processed/EUPDCorp_TXT/2016.0/ITA.txt,0.608679124729101
2016.0,HRV,data/processed/EUPDCorp_TXT/2016.0/HRV.txt,0.6352872797897481
2016.0,MLT,data/processed/EUPDCorp_TXT/2016.0/MLT.txt,0.5395294666810991
2016.0,POL,data/processed/EUPDCorp_TXT/2016.0/POL.txt,0.643907127759168
2016.0,CZE,data/processed/EUPDCorp_TXT/2016.0/CZE.txt,0.6111773791311237
2016.0,GBR,data/processed/EUPDCorp_TXT/2016.0/GBR.txt,0.43279543042215507
2016.0,DEU,data/processed/EUPDCorp_TXT/2016.0/DEU.txt,0.5890911569076428
2016.0,PRT,data/processed/EUPDCorp_TXT/2016.0/PRT.txt,0.724755663806548
2016.0,SVK,data/processed/EUPDCorp_TXT/2016.0/SVK.txt,0.5924699055536115
2016.0,SVN,data/processed/EUPDCorp_TXT/2016.0/SVN.txt,0.5974200522345705
2016.0,LTU,data/processed/EUPDCorp_TXT/2016.0/LTU.txt,0.6076592016197754
2016.0,NLD,data/processed/EUPDCorp_TXT/2016.0/NLD.txt,0.5102312289457022
2016.0,DNK,data/processed/EUPDCorp_TXT/2016.0/DNK.txt,0.5398950300892184
2016.0,SWE,data/processed/EUPDCorp_TXT/2016.0/SWE.txt,0.598531552448035
2016.0,HUN,data/processed/EUPDCorp_TXT/2016.0/HUN.txt,0.55911838210441
2016.0,EST,data/processed/EUPDCorp_TXT/2016.0/EST.txt,0.48448553472553024
2016.0,ESP,data/processed/EUPDCorp_TXT/2016.0/ESP.txt,0.5682359987661604
2016.0,LUX,data/processed/EUPDCorp_TXT/2016.0/LUX.txt,0.4995731527781062
2016.0,LVA,data/processed/EUPDCorp_TXT/2016.0/LVA.txt,0.5803095541526013
2016.0,GRC,data/processed/EUPDCorp_TXT/2016.0/GRC.txt,0.5093447258491646
2016.0,IRL,data/processed/EUPDCorp_TXT/2016.0/IRL.txt,0.49972374655072094
2016.0,CYP,data/processed/EUPDCorp_TXT/2016.0/CYP.txt,0.509201171046999
2016.0,FIN,data/processed/EUPDCorp_TXT/2016.0/FIN.txt,0.6048383523864338
2016.0,ROU,data/processed/EUPDCorp_TXT/2016.0/ROU.txt,0.653916038593157
2016.0,BEL,data/processed/EUPDCorp_TXT/2016.0/BEL.txt,0.5738535077815073
2016.0,FRA,data/processed/EUPDCorp_TXT/2016.0/FRA.txt,0.48779584380856467
2016.0,AUT,data/processed/EUPDCorp_TXT/2016.0/AUT.txt,0.4344999613427552
2016.0,BGR,data/processed/EUPDCorp_TXT/2016.0/BGR.txt,0.6366756237238462
2017.0,ITA,data/processed/EUPDCorp_TXT/2017.0/ITA.txt,0.6464642727200887
2017.0,HRV,data/processed/EUPDCorp_TXT/2017.0/HRV.txt,0.5794882677954538
2017.0,MLT,data/processed/EUPDCorp_TXT/2017.0/MLT.txt,0.498904695521075
2017.0,POL,data/processed/EUPDCorp_TXT/2017.0/POL.txt,0.644310679956915
2017.0,CZE,data/processed/EUPDCorp_TXT/2017.0/CZE.txt,0.6128438484916264
2017.0,GBR,data/processed/EUPDCorp_TXT/2017.0/GBR.txt,0.5247297589245896
2017.0,DEU,data/processed/EUPDCorp_TXT/2017.0/DEU.txt,0.5776311549948828
2017.0,PRT,data/processed/EUPDCorp_TXT/2017.0/PRT.txt,0.6581162141280126
2017.0,SVK,data/processed/EUPDCorp_TXT/2017.0/SVK.txt,0.542425860504921
2017.0,SVN,data/processed/EUPDCorp_TXT/2017.0/SVN.txt,0.5433916438268793
2017.0,LTU,data/processed/EUPDCorp_TXT/2017.0/LTU.txt,0.5917192279663308
2017.0,NLD,data/processed/EUPDCorp_TXT/2017.0/NLD.txt,0.5634048140508802
2017.0,DNK,data/processed/EUPDCorp_TXT/2017.0/DNK.txt,0.5393262042204925
2017.0,SWE,data/processed/EUPDCorp_TXT/2017.0/SWE.txt,0.5644427358882114
2017.0,HUN,data/processed/EUPDCorp_TXT/2017.0/HUN.txt,0.5507515304938383
2017.0,EST,data/processed/EUPDCorp_TXT/2017.0/EST.txt,0.5133972939655537
2017.0,ESP,data/processed/EUPDCorp_TXT/2017.0/ESP.txt,0.6365987789511275
2017.0,LUX,data/processed/EUPDCorp_TXT/2017.0/LUX.txt,0.4937676120804769
2017.0,LVA,data/processed/EUPDCorp_TXT/2017.0/LVA.txt,0.518740949215523
2017.0,GRC,data/processed/EUPDCorp_TXT/2017.0/GRC.txt,0.5284603760305447
2017.0,IRL,data/processed/EUPDCorp_TXT/2017.0/IRL.txt,0.3365496909562968
2017.0,CYP,data/processed/EUPDCorp_TXT/2017.0/CYP.txt,0.4459415233596437
2017.0,FIN,data/processed/EUPDCorp_TXT/2017.0/FIN.txt,0.6286517305635528
2017.0,ROU,data/processed/EUPDCorp_TXT/2017.0/ROU.txt,0.624187787236603
2017.0,BEL,data/processed/EUPDCorp_TXT/2017.0/BEL.txt,0.6069584328508396
2017.0,FRA,data/processed/EUPDCorp_TXT/2017.0/FRA.txt,0.6194735353054488
2017.0,AUT,data/processed/EUPDCorp_TXT/2017.0/AUT.txt,0.57400071759515
2017.0,BGR,data/processed/EUPDCorp_TXT/2017.0/BGR.txt,0.6166456622874292
2018.0,ITA,data/processed/EUPDCorp_TXT/2018.0/ITA.txt,0.6251280971323081
2018.0,HRV,data/processed/EUPDCorp_TXT/2018.0/HRV.txt,0.5641772519413873
2018.0,MLT,data/processed/EUPDCorp_TXT/2018.0/MLT.txt,0.5304305266680774
2018.0,POL,data/processed/EUPDCorp_TXT/2018.0/POL.txt,0.6239381987554908
2018.0,CZE,data/processed/EUPDCorp_TXT/2018.0/CZE.txt,0.6052848872368164
2018.0,GBR,data/processed/EUPDCorp_TXT/2018.0/GBR.txt,0.5212031329943779
2018.0,DEU,data/processed/EUPDCorp_TXT/2018.0/DEU.txt,0.5957312472973781
2018.0,PRT,data/processed/EUPDCorp_TXT/2018.0/PRT.txt,0.6474206595634439
2018.0,SVK,data/processed/EUPDCorp_TXT/2018.0/SVK.txt,0.5179139974617355
2018.0,SVN,data/processed/EUPDCorp_TXT/2018.0/SVN.txt,0.5387346651779034
2018.0,LTU,data/processed/EUPDCorp_TXT/2018.0/LTU.txt,0.5794963845393057
2018.0,NLD,data/processed/EUPDCorp_TXT/2018.0/NLD.txt,0.5649321031863359
2018.0,DNK,data/processed/EUPDCorp_TXT/2018.0/DNK.txt,0.4824336294729462
2018.0,SWE,data/processed/EUPDCorp_TXT/2018.0/SWE.txt,0.5567878322769447
2018.0,HUN,data/processed/EUPDCorp_TXT/2018.0/HUN.txt,0.5029840894084572
2018.0,EST,data/processed/EUPDCorp_TXT/2018.0/EST.txt,0.47501998246197275
2018.0,ESP,data/processed/EUPDCorp_TXT/2018.0/ESP.txt,0.6222042259106463
2018.0,LUX,data/processed/EUPDCorp_TXT/2018.0/LUX.txt,0.5464432179835736
2018.0,LVA,data/processed/EUPDCorp_TXT/2018.0/LVA.txt,0.4011576537922305
2018.0,GRC,data/processed/EUPDCorp_TXT/2018.0/GRC.txt,0.4984582908031403
2018.0,IRL,data/processed/EUPDCorp_TXT/2018.0/IRL.txt,0.5185753299232562
2018.0,CYP,data/processed/EUPDCorp_TXT/2018.0/CYP.txt,0.4070407807097027
2018.0,FIN,data/processed/EUPDCorp_TXT/2018.0/FIN.txt,0.654806429233375
2018.0,ROU,data/processed/EUPDCorp_TXT/2018.0/ROU.txt,0.5880447683898512
2018.0,BEL,data/processed/EUPDCorp_TXT/2018.0/BEL.txt,0.595056888707831
2018.0,FRA,data/processed/EUPDCorp_TXT/2018.0/FRA.txt,0.6200850691210928
2018.0,AUT,data/processed/EUPDCorp_TXT/2018.0/AUT.txt,0.583895735841107
2018.0,BGR,data/processed/EUPDCorp_TXT/2018.0/BGR.txt,0.5288867633267125
2019.0,ITA,data/processed/EUPDCorp_TXT/2019.0/ITA.txt,0.6446336148327232
2019.0,HRV,data/processed/EUPDCorp_TXT/2019.0/HRV.txt,0.5457762025996364
2019.0,MLT,data/processed/EUPDCorp_TXT/2019.0/MLT.txt,0.5391037515719173
2019.0,POL,data/processed/EUPDCorp_TXT/2019.0/POL.txt,0.6078408186775486
2019.0,CZE,data/processed/EUPDCorp_TXT/2019.0/CZE.txt,0.5669789214346501
2019.0,GBR,data/processed/EUPDCorp_TXT/2019.0/GBR.txt,0.5592372223042413
2019.0,DEU,data/processed/EUPDCorp_TXT/2019.0/DEU.txt,0.6126021517213057
2019.0,PRT,data/processed/EUPDCorp_TXT/2019.0/PRT.txt,0.6176952913789021
2019.0,SVK,data/processed/EUPDCorp_TXT/2019.0/SVK.txt,0.5121036569565723
2019.0,SVN,data/processed/EUPDCorp_TXT/2019.0/SVN.txt,0.5267785443083731
2019.0,LTU,data/processed/EUPDCorp_TXT/2019.0/LTU.txt,0.4822143625485889
2019.0,NLD,data/processed/EUPDCorp_TXT/2019.0/NLD.txt,0.588153109889328
2019.0,DNK,data/processed/EUPDCorp_TXT/2019.0/DNK.txt,0.5141817478361771
2019.0,SWE,data/processed/EUPDCorp_TXT/2019.0/SWE.txt,0.6190822109041204
2019.0,HUN,data/processed/EUPDCorp_TXT/2019.0/HUN.txt,0.5074158901469128
2019.0,EST,data/processed/EUPDCorp_TXT/2019.0/EST.txt,0.5181500413848156
2019.0,ESP,data/processed/EUPDCorp_TXT/2019.0/ESP.txt,0.634266294121325
2019.0,LUX,data/processed/EUPDCorp_TXT/2019.0/LUX.txt,0.5268974209747601
2019.0,LVA,data/processed/EUPDCorp_TXT/2019.0/LVA.txt,0.4598141148953101
2019.0,GRC,data/processed/EUPDCorp_TXT/2019.0/GRC.txt,0.5310747381733703
2019.0,IRL,data/processed/EUPDCorp_TXT/2019.0/IRL.txt,0.5341668739471003
2019.0,CYP,data/processed/EUPDCorp_TXT/2019.0/CYP.txt,0.32638300973455625
2019.0,FIN,data/processed/EUPDCorp_TXT/2019.0/FIN.txt,0.5975678789200809
2019.0,ROU,data/processed/EUPDCorp_TXT/2019.0/ROU.txt,0.5776763764652052
2019.0,BEL,data/processed/EUPDCorp_TXT/2019.0/BEL.txt,0.5907628231369384
2019.0,FRA,data/processed/EUPDCorp_TXT/2019.0/FRA.txt,0.6459916447551243
2019.0,AUT,data/processed/EUPDCorp_TXT/2019.0/AUT.txt,0.5858464419360874
2019.0,BGR,data/processed/EUPDCorp_TXT/2019.0/BGR.txt,0.5426298030485265
2020.0,ITA,data/processed/EUPDCorp_TXT/2020.0/ITA.txt,0.5978211451122505
2020.0,HRV,data/processed/EUPDCorp_TXT/2020.0/HRV.txt,0.5822493554735136
2020.0,MLT,data/processed/EUPDCorp_TXT/2020.0/MLT.txt,0.5826738349225618
2020.0,POL,data/processed/EUPDCorp_TXT/2020.0/POL.txt,0.6109831899820541
2020.0,CZE,data/processed/EUPDCorp_TXT/2020.0/CZE.txt,0.5794501497416432
2020.0,GBR,data/processed/EUPDCorp_TXT/2020.0/GBR.txt,0.40983278745866913
2020.0,DEU,data/processed/EUPDCorp_TXT/2020.0/DEU.txt,0.6096100085123891
2020.0,PRT,data/processed/EUPDCorp_TXT/2020.0/PRT.txt,0.6454369301980308
2020.0,SVK,data/processed/EUPDCorp_TXT/2020.0/SVK.txt,0.5671168087576745
2020.0,SVN,data/processed/EUPDCorp_TXT/2020.0/SVN.txt,0.4924843339384574
2020.0,LTU,data/processed/EUPDCorp_TXT/2020.0/LTU.txt,0.4160564798174813
2020.0,NLD,data/processed/EUPDCorp_TXT/2020.0/NLD.txt,0.6047170067192444
2020.0,DNK,data/processed/EUPDCorp_TXT/2020.0/DNK.txt,0.48573214657791475
2020.0,SWE,data/processed/EUPDCorp_TXT/2020.0/SWE.txt,0.6047102970001763
2020.0,HUN,data/processed/EUPDCorp_TXT/2020.0/HUN.txt,0.46702599047198234
2020.0,EST,data/processed/EUPDCorp_TXT/2020.0/EST.txt,0.4849199471246809
2020.0,ESP,data/processed/EUPDCorp_TXT/2020.0/ESP.txt,0.6268027123476531
2020.0,LUX,data/processed/EUPDCorp_TXT/2020.0/LUX.txt,0.47076855133028117
2020.0,LVA,data/processed/EUPDCorp_TXT/2020.0/LVA.txt,0.5058648803979483
2020.0,GRC,data/processed/EUPDCorp_TXT/2020.0/GRC.txt,0.515829033865791
2020.0,IRL,data/processed/EUPDCorp_TXT/2020.0/IRL.txt,0.5904576116491876
2020.0,CYP,data/processed/EUPDCorp_TXT/2020.0/CYP.txt,0.23653258436164284
2020.0,FIN,data/processed/EUPDCorp_TXT/2020.0/FIN.txt,0.5464236915416341
2020.0,ROU,data/processed/EUPDCorp_TXT/2020.0/ROU.txt,0.5962124858134749
2020.0,BEL,data/processed/EUPDCorp_TXT/2020.0/BEL.txt,0.6283287201541841
2020.0,FRA,data/processed/EUPDCorp_TXT/2020.0/FRA.txt,0.6649667948660895
2020.0,AUT,data/processed/EUPDCorp_TXT/2020.0/AUT.txt,0.5501980735146852
2020.0,BGR,data/processed/EUPDCorp_TXT/2020.0/BGR.txt,0.5826556012178742
2021.0,ITA,data/processed/EUPDCorp_TXT/2021.0/ITA.txt,0.6238175611414218
2021.0,HRV,data/processed/EUPDCorp_TXT/2021.0/HRV.txt,0.5975083538483883
2021.0,MLT,data/processed/EUPDCorp_TXT/2021.0/MLT.txt,0.6325599051034105
2021.0,POL,data/processed/EUPDCorp_TXT/2021.0/POL.txt,0.597025973638122
2021.0,CZE,data/processed/EUPDCorp_TXT/2021.0/CZE.txt,0.5689329528508628
2021.0,DEU,data/processed/EUPDCorp_TXT/2021.0/DEU.txt,0.6551397078492832
2021.0,PRT,data/processed/EUPDCorp_TXT/2021.0/PRT.txt,0.683173592221904
2021.0,SVK,data/processed/EUPDCorp_TXT/2021.0/SVK.txt,0.6001544712958183
2021.0,SVN,data/processed/EUPDCorp_TXT/2021.0/SVN.txt,0.49325513292446216
2021.0,LTU,data/processed/EUPDCorp_TXT/2021.0/LTU.txt,0.3366396085331471
2021.0,NLD,data/processed/EUPDCorp_TXT/2021.0/NLD.txt,0.6222305895374954
2021.0,DNK,data/processed/EUPDCorp_TXT/2021.0/DNK.txt,0.4765712837952427
2021.0,SWE,data/processed/EUPDCorp_TXT/2021.0/SWE.txt,0.5721838400330576
2021.0,HUN,data/processed/EUPDCorp_TXT/2021.0/HUN.txt,0.5530277892640959
2021.0,EST,data/processed/EUPDCorp_TXT/2021.0/EST.txt,0.495503689429518
2021.0,ESP,data/processed/EUPDCorp_TXT/2021.0/ESP.txt,0.6261037391814407
2021.0,LUX,data/processed/EUPDCorp_TXT/2021.0/LUX.txt,0.4318448181698867
2021.0,LVA,data/processed/EUPDCorp_TXT/2021.0/LVA.txt,0.5140371538415478
2021.0,GRC,data/processed/EUPDCorp_TXT/2021.0/GRC.txt,0.6076765530069125
2021.0,IRL,data/processed/EUPDCorp_TXT/2021.0/IRL.txt,0.6708446536947386
2021.0,CYP,data/processed/EUPDCorp_TXT/2021.0/CYP.txt,0.448165163324211
2021.0,FIN,data/processed/EUPDCorp_TXT/2021.0/FIN.txt,0.6392133101430981
2021.0,ROU,data/processed/EUPDCorp_TXT/2021.0/ROU.txt,0.6436322291336889
2021.0,BEL,data/processed/EUPDCorp_TXT/2021.0/BEL.txt,0.6433661079012262
2021.0,FRA,data/processed/EUPDCorp_TXT/2021.0/FRA.txt,0.6814304842962928
2021.0,AUT,data/processed/EUPDCorp_TXT/2021.0/AUT.txt,0.5815501041449725
2021.0,BGR,data/processed/EUPDCorp_TXT/2021.0/BGR.txt,0.622879530967163
2022.0,ITA,data/processed/EUPDCorp_TXT/2022.0/ITA.txt,0.6577280891251893
2022.0,HRV,data/processed/EUPDCorp_TXT/2022.0/HRV.txt,0.5715825442077337
2022.0,MLT,data/processed/EUPDCorp_TXT/2022.0/MLT.txt,0.626075479261399
2022.0,POL,data/processed/EUPDCorp_TXT/2022.0/POL.txt,0.5325245931564637
2022.0,CZE,data/processed/EUPDCorp_TXT/2022.0/CZE.txt,0.5371722067607393
2022.0,DEU,data/processed/EUPDCorp_TXT/2022.0/DEU.txt,0.632991482268177
2022.0,PRT,data/processed/EUPDCorp_TXT/2022.0/PRT.txt,0.6972788975121753
2022.0,SVK,data/processed/EUPDCorp_TXT/2022.0/SVK.txt,0.6043730793710239
2022.0,SVN,data/processed/EUPDCorp_TXT/2022.0/SVN.txt,0.515774590367736
2022.0,LTU,data/processed/EUPDCorp_TXT/2022.0/LTU.txt,0.3671857318963609
2022.0,NLD,data/processed/EUPDCorp_TXT/2022.0/NLD.txt,0.6379589342722897
2022.0,DNK,data/processed/EUPDCorp_TXT/2022.0/DNK.txt,0.5696462874344577
2022.0,SWE,data/processed/EUPDCorp_TXT/2022.0/SWE.txt,0.5739156410844076
2022.0,HUN,data/processed/EUPDCorp_TXT/2022.0/HUN.txt,0.5528814627496229
2022.0,EST,data/processed/EUPDCorp_TXT/2022.0/EST.txt,0.4280162706830031
2022.0,ESP,data/processed/EUPDCorp_TXT/2022.0/ESP.txt,0.6700534120786195
2022.0,LUX,data/processed/EUPDCorp_TXT/2022.0/LUX.txt,0.5173003163508612
2022.0,LVA,data/processed/EUPDCorp_TXT/2022.0/LVA.txt,0.45700613063200535
2022.0,GRC,data/processed/EUPDCorp_TXT/2022.0/GRC.txt,0.5779171851912777
2022.0,IRL,data/processed/EUPDCorp_TXT/2022.0/IRL.txt,0.6312239622391775
2022.0,CYP,data/processed/EUPDCorp_TXT/2022.0/CYP.txt,0.405839234304049
2022.0,FIN,data/processed/EUPDCorp_TXT/2022.0/FIN.txt,0.6808780263250351
2022.0,ROU,data/processed/EUPDCorp_TXT/2022.0/ROU.txt,0.6190512194100096
2022.0,BEL,data/processed/EUPDCorp_TXT/2022.0/BEL.txt,0.6423172338210043
2022.0,FRA,data/processed/EUPDCorp_TXT/2022.0/FRA.txt,0.688926811735954
2022.0,AUT,data/processed/EUPDCorp_TXT/2022.0/AUT.txt,0.646821269038641
2022.0,BGR,data/processed/EUPDCorp_TXT/2022.0/BGR.txt,0.6240061022779229
2023.0,ITA,data/processed/EUPDCorp_TXT/2023.0/ITA.txt,0.5627496565404098
2023.0,HRV,data/processed/EUPDCorp_TXT/2023.0/HRV.txt,0.6252037483276112
2023.0,MLT,data/processed/EUPDCorp_TXT/2023.0/MLT.txt,0.5635502125772478
2023.0,POL,data/processed/EUPDCorp_TXT/2023.0/POL.txt,0.5523680805860858
2023.0,CZE,data/processed/EUPDCorp_TXT/2023.0/CZE.txt,0.5721514013881879
2023.0,DEU,data/processed/EUPDCorp_TXT/2023.0/DEU.txt,0.6280690658026811
2023.0,PRT,data/processed/EUPDCorp_TXT/2023.0/PRT.txt,0.6246644122619527
2023.0,SVK,data/processed/EUPDCorp_TXT/2023.0/SVK.txt,0.5414264905920996
2023.0,SVN,data/processed/EUPDCorp_TXT/2023.0/SVN.txt,0.5547277120364502
2023.0,LTU,data/processed/EUPDCorp_TXT/2023.0/LTU.txt,0.3194682113555862
2023.0,NLD,data/processed/EUPDCorp_TXT/2023.0/NLD.txt,0.5734138963130273
2023.0,DNK,data/processed/EUPDCorp_TXT/2023.0/DNK.txt,0.4973624238636723
2023.0,SWE,data/processed/EUPDCorp_TXT/2023.0/SWE.txt,0.6218961481988595
2023.0,HUN,data/processed/EUPDCorp_TXT/2023.0/HUN.txt,0.4813077903003335
2023.0,EST,data/processed/EUPDCorp_TXT/2023.0/EST.txt,0.3206312213322097
2023.0,ESP,data/processed/EUPDCorp_TXT/2023.0/ESP.txt,0.5355124579430847
2023.0,LUX,data/processed/EUPDCorp_TXT/2023.0/LUX.txt,0.3901824213899237
2023.0,LVA,data/processed/EUPDCorp_TXT/2023.0/LVA.txt,0.3836279662241596
2023.0,GRC,data/processed/EUPDCorp_TXT/2023.0/GRC.txt,0.44084803068388295
2023.0,IRL,data/processed/EUPDCorp_TXT/2023.0/IRL.txt,0.6104379066984372
2023.0,CYP,data/processed/EUPDCorp_TXT/2023.0/CYP.txt,0.28310454004772256
2023.0,FIN,data/processed/EUPDCorp_TXT/2023.0/FIN.txt,0.5633598045960626
2023.0,ROU,data/processed/EUPDCorp_TXT/2023.0/ROU.txt,0.6504174413354052
2023.0,BEL,data/processed/EUPDCorp_TXT/2023.0/BEL.txt,0.5659008479119423
2023.0,FRA,data/processed/EUPDCorp_TXT/2023.0/FRA.txt,0.6472478665325374
2023.0,AUT,data/processed/EUPDCorp_TXT/2023.0/AUT.txt,0.39158610833824475
2023.0,BGR,data/processed/EUPDCorp_TXT/2023.0/BGR.txt,0.5745990499614153
2024.0,ITA,data/processed/EUPDCorp_TXT/2024.0/ITA.txt,0.4571411821708738
2024.0,HRV,data/processed/EUPDCorp_TXT/2024.0/HRV.txt,0.4539525969410233
2024.0,MLT,data/processed/EUPDCorp_TXT/2024.0/MLT.txt,0.3988028821338791
2024.0,POL,data/processed/EUPDCorp_TXT/2024.0/POL.txt,0.42615403946471303
2024.0,CZE,data/processed/EUPDCorp_TXT/2024.0/CZE.txt,0.485358764759367
2024.0,DEU,data/processed/EUPDCorp_TXT/2024.0/DEU.txt,0.593249158979153
2024.0,PRT,data/processed/EUPDCorp_TXT/2024.0/PRT.txt,0.40098648767537814
2024.0,SVK,data/processed/EUPDCorp_TXT/2024.0/SVK.txt,0.37919502191514726
2024.0,SVN,data/processed/EUPDCorp_TXT/2024.0/SVN.txt,0.31900609894881127
2024.0,LTU,data/processed/EUPDCorp_TXT/2024.0/LTU.txt,0.24001510472538942
2024.0,NLD,data/processed/EUPDCorp_TXT/2024.0/NLD.txt,0.48072598842109565
2024.0,DNK,data/processed/EUPDCorp_TXT/2024.0/DNK.txt,0.45140761381697875
2024.0,SWE,data/processed/EUPDCorp_TXT/2024.0/SWE.txt,0.4958807262631377
2024.0,HUN,data/processed/EUPDCorp_TXT/2024.0/HUN.txt,0.34902984199363846
2024.0,EST,data/processed/EUPDCorp_TXT/2024.0/EST.txt,0.20151099548584267
2024.0,ESP,data/processed/EUPDCorp_TXT/2024.0/ESP.txt,0.5272241162232079
2024.0,LUX,data/processed/EUPDCorp_TXT/2024.0/LUX.txt,0.17375467016440296
2024.0,LVA,data/processed/EUPDCorp_TXT/2024.0/LVA.txt,0.09151069994052168
2024.0,GRC,data/processed/EUPDCorp_TXT/2024.0/GRC.txt,0.3433555565336555
2024.0,IRL,data/processed/EUPDCorp_TXT/2024.0/IRL.txt,0.49080215066540644
2024.0,CYP,data/processed/EUPDCorp_TXT/2024.0/CYP.txt,0.17824363658916675
2024.0,FIN,data/processed/EUPDCorp_TXT/2024.0/FIN.txt,0.3684345240787986
2024.0,ROU,data/processed/EUPDCorp_TXT/2024.0/ROU.txt,0.48218778306836246
2024.0,BEL,data/processed/EUPDCorp_TXT/2024.0/BEL.txt,0.41200656648571554
2024.0,FRA,data/processed/EUPDCorp_TXT/2024.0/FRA.txt,0.5699039963489365
2024.0,AUT,data/processed/EUPDCorp_TXT/2024.0/AUT.txt,0.27452588331578665
2024.0,BGR,data/processed/EUPDCorp_TXT/2024.0/BGR.txt,0.41522746704845825
