annee,pays,nb_mots,nb_mots_ecologiques
2020,ITA.txt,84250,267
2020,HRV.txt,62825,240
2020,MLT.txt,37834,97
2020,POL.txt,255915,954
2020,CZE.txt,33793,123
2020,GBR.txt,48296,167
2020,DEU.txt,154076,476
2020,PRT.txt,60844,227
2020,SVK.txt,62761,262
2020,SVN.txt,29111,92
2020,LTU.txt,12575,65
2020,NLD.txt,59210,314
2020,DNK.txt,13881,69
2020,SWE.txt,52629,239
2020,HUN.txt,50921,107
2020,EST.txt,27998,52
2020,ESP.txt,157959,510
2020,LUX.txt,29160,48
2020,LVA.txt,11612,42
2020,GRC.txt,57691,141
2020,IRL.txt,100874,291
2020,CYP.txt,4227,3
2020,FIN.txt,11164,95
2020,ROU.txt,271338,750
2020,BEL.txt,116335,347
2020,FRA.txt,283003,1162
2020,AUT.txt,16964,99
2020,BGR.txt,37150,147
1999,ITA.txt,105591,171
1999,GBR.txt,174548,386
1999,DEU.txt,215125,485
1999,PRT.txt,32699,40
1999,NLD.txt,73591,220
1999,DNK.txt,25935,87
1999,SWE.txt,37975,180
1999,ESP.txt,184183,257
1999,LUX.txt,7380,26
1999,GRC.txt,52165,46
1999,IRL.txt,36568,208
1999,FIN.txt,46636,239
1999,BEL.txt,35990,78
1999,FRA.txt,189016,317
1999,AUT.txt,43375,81
2005,ITA.txt,213505,566
2005,MLT.txt,13054,24
2005,POL.txt,229481,399
2005,CZE.txt,45058,71
2005,GBR.txt,442834,888
2005,DEU.txt,540285,1099
2005,PRT.txt,188263,658
2005,SVK.txt,36628,121
2005,SVN.txt,20014,52
2005,LTU.txt,33041,43
2005,NLD.txt,150664,357
2005,DNK.txt,38354,103
2005,SWE.txt,110177,503
2005,HUN.txt,62592,196
2005,EST.txt,8390,25
2005,ESP.txt,304371,551
2005,LUX.txt,29929,154
2005,LVA.txt,20212,30
2005,GRC.txt,177267,543
2005,IRL.txt,86145,282
2005,CYP.txt,30464,88
2005,FIN.txt,51683,394
2005,BEL.txt,91320,264
2005,FRA.txt,271445,743
2005,AUT.txt,114881,280
2001,ITA.txt,317447,544
2001,GBR.txt,492590,1141
2001,DEU.txt,505174,845
2001,PRT.txt,130365,246
2001,NLD.txt,254463,750
2001,DNK.txt,79586,82
2001,SWE.txt,118461,517
2001,ESP.txt,536928,1071
2001,LUX.txt,35980,130
2001,GRC.txt,151414,299
2001,IRL.txt,129015,444
2001,FIN.txt,79583,453
2001,BEL.txt,97998,185
2001,FRA.txt,488065,946
2001,AUT.txt,107269,238
2024,ITA.txt,25456,93
2024,HRV.txt,11032,68
2024,MLT.txt,6593,25
2024,POL.txt,32213,64
2024,CZE.txt,6085,75
2024,DEU.txt,49657,344
2024,PRT.txt,12713,72
2024,SVK.txt,11163,39
2024,SVN.txt,4215,11
2024,LTU.txt,2223,7
2024,NLD.txt,13409,102
2024,DNK.txt,3138,44
2024,SWE.txt,11902,104
2024,HUN.txt,15150,28
2024,EST.txt,4232,7
2024,ESP.txt,46289,218
2024,LUX.txt,2973,4
2024,LVA.txt,223,0
2024,GRC.txt,5994,28
2024,IRL.txt,36188,215
2024,CYP.txt,642,0
2024,FIN.txt,2474,31
2024,ROU.txt,25187,63
2024,BEL.txt,17713,47
2024,FRA.txt,40811,176
2024,AUT.txt,2784,7
2024,BGR.txt,11973,45
2011,ITA.txt,681448,1878
2011,MLT.txt,42853,41
2011,POL.txt,407014,1096
2011,CZE.txt,101236,303
2011,GBR.txt,411454,800
2011,DEU.txt,466753,1258
2011,PRT.txt,781959,2861
2011,SVK.txt,217976,669
2011,SVN.txt,19555,71
2011,LTU.txt,323458,1407
2011,NLD.txt,120312,271
2011,DNK.txt,50107,96
2011,SWE.txt,82817,297
2011,HUN.txt,112113,341
2011,EST.txt,48222,149
2011,ESP.txt,294620,786
2011,LUX.txt,34109,114
2011,LVA.txt,54395,177
2011,GRC.txt,203262,654
2011,IRL.txt,160956,373
2011,CYP.txt,22873,38
2011,FIN.txt,82410,238
2011,ROU.txt,407293,1559
2011,BEL.txt,182450,445
2011,FRA.txt,482736,1428
2011,AUT.txt,206863,743
2011,BGR.txt,85320,193
2015,ITA.txt,1328280,4742
2015,HRV.txt,699542,2724
2015,MLT.txt,197384,657
2015,POL.txt,315318,1175
2015,CZE.txt,256752,725
2015,GBR.txt,703384,1784
2015,DEU.txt,671589,1504
2015,PRT.txt,610632,2230
2015,SVK.txt,279163,871
2015,SVN.txt,224827,913
2015,LTU.txt,222169,1003
2015,NLD.txt,107756,307
2015,DNK.txt,38049,220
2015,SWE.txt,107544,376
2015,HUN.txt,465221,1709
2015,EST.txt,77131,225
2015,ESP.txt,1227347,3491
2015,LUX.txt,21807,221
2015,LVA.txt,68901,231
2015,GRC.txt,316634,832
2015,IRL.txt,212727,624
2015,CYP.txt,81260,432
2015,FIN.txt,49227,284
2015,ROU.txt,458711,1693
2015,BEL.txt,390419,1507
2015,FRA.txt,1281086,3219
2015,AUT.txt,186220,624
2015,BGR.txt,158853,433
2006,ITA.txt,179714,559
2006,MLT.txt,26996,40
2006,POL.txt,283519,822
2006,CZE.txt,48227,151
2006,GBR.txt,359201,921
2006,DEU.txt,561737,1640
2006,PRT.txt,191959,713
2006,SVK.txt,40737,110
2006,SVN.txt,22377,96
2006,LTU.txt,75661,261
2006,NLD.txt,155088,461
2006,DNK.txt,43747,140
2006,SWE.txt,127069,568
2006,HUN.txt,73873,298
2006,EST.txt,21276,76
2006,ESP.txt,367636,836
2006,LUX.txt,28366,239
2006,LVA.txt,18112,81
2006,GRC.txt,199327,624
2006,IRL.txt,102124,412
2006,CYP.txt,47427,73
2006,FIN.txt,71658,514
2006,BEL.txt,114405,228
2006,FRA.txt,332435,1035
2006,AUT.txt,125308,411
2023,ITA.txt,117149,390
2023,HRV.txt,77986,368
2023,MLT.txt,45421,210
2023,POL.txt,140983,434
2023,CZE.txt,47450,262
2023,DEU.txt,175461,748
2023,PRT.txt,65328,279
2023,SVK.txt,78874,331
2023,SVN.txt,44290,186
2023,LTU.txt,12396,36
2023,NLD.txt,56956,261
2023,DNK.txt,15558,87
2023,SWE.txt,84582,576
2023,HUN.txt,26498,107
2023,EST.txt,26538,69
2023,ESP.txt,177739,512
2023,LUX.txt,9023,29
2023,LVA.txt,8432,41
2023,GRC.txt,13976,74
2023,IRL.txt,172766,780
2023,CYP.txt,3862,4
2023,FIN.txt,10407,144
2023,ROU.txt,164064,739
2023,BEL.txt,67499,268
2023,FRA.txt,242340,1002
2023,AUT.txt,20438,164
2023,BGR.txt,56545,285
2002,ITA.txt,243447,489
2002,GBR.txt,450983,920
2002,DEU.txt,488987,872
2002,PRT.txt,137116,357
2002,NLD.txt,218659,739
2002,DNK.txt,88984,210
2002,SWE.txt,148338,591
2002,ESP.txt,513972,1045
2002,LUX.txt,40461,110
2002,GRC.txt,147614,354
2002,IRL.txt,176790,356
2002,FIN.txt,67790,389
2002,BEL.txt,94466,202
2002,FRA.txt,366630,803
2002,AUT.txt,95329,300
2008,ITA.txt,212943,786
2008,MLT.txt,22981,52
2008,POL.txt,457165,1949
2008,CZE.txt,69444,293
2008,GBR.txt,377119,1334
2008,DEU.txt,526969,1671
2008,PRT.txt,198796,836
2008,SVK.txt,73573,234
2008,SVN.txt,23567,102
2008,LTU.txt,72386,267
2008,NLD.txt,125101,444
2008,DNK.txt,55953,289
2008,SWE.txt,123709,735
2008,HUN.txt,99078,653
2008,EST.txt,52671,162
2008,ESP.txt,279753,887
2008,LUX.txt,36737,291
2008,LVA.txt,16456,89
2008,GRC.txt,215443,756
2008,IRL.txt,164170,540
2008,CYP.txt,38146,135
2008,FIN.txt,68038,560
2008,ROU.txt,187999,971
2008,BEL.txt,102288,312
2008,FRA.txt,318625,1183
2008,AUT.txt,109887,428
2008,BGR.txt,53829,377
2012,ITA.txt,585495,1886
2012,MLT.txt,27981,24
2012,POL.txt,304330,888
2012,CZE.txt,76806,250
2012,GBR.txt,434627,1035
2012,DEU.txt,418061,965
2012,PRT.txt,675490,2530
2012,SVK.txt,197632,756
2012,SVN.txt,27405,87
2012,LTU.txt,262103,1183
2012,NLD.txt,101018,256
2012,DNK.txt,39432,140
2012,SWE.txt,89852,377
2012,HUN.txt,134128,356
2012,EST.txt,58796,165
2012,ESP.txt,288829,828
2012,LUX.txt,35065,96
2012,LVA.txt,52142,212
2012,GRC.txt,163828,490
2012,IRL.txt,121806,262
2012,CYP.txt,22632,31
2012,FIN.txt,70213,262
2012,ROU.txt,425857,1704
2012,BEL.txt,155293,403
2012,FRA.txt,511592,1788
2012,AUT.txt,211056,540
2012,BGR.txt,86633,243
2018,ITA.txt,378284,986
2018,HRV.txt,78532,209
2018,MLT.txt,47592,92
2018,POL.txt,285724,890
2018,CZE.txt,157870,393
2018,GBR.txt,224302,511
2018,DEU.txt,493190,1102
2018,PRT.txt,137066,473
2018,SVK.txt,41452,72
2018,SVN.txt,31151,83
2018,LTU.txt,36046,77
2018,NLD.txt,103499,272
2018,DNK.txt,27923,79
2018,SWE.txt,88818,313
2018,HUN.txt,70375,202
2018,EST.txt,25124,69
2018,ESP.txt,333391,985
2018,LUX.txt,32136,96
2018,LVA.txt,26095,46
2018,GRC.txt,163280,403
2018,IRL.txt,75827,265
2018,CYP.txt,36814,80
2018,FIN.txt,49561,410
2018,ROU.txt,216524,527
2018,BEL.txt,135437,441
2018,FRA.txt,199018,648
2018,AUT.txt,75791,192
2018,BGR.txt,58517,92
2016,ITA.txt,1442500,5488
2016,HRV.txt,672232,2953
2016,MLT.txt,215556,758
2016,POL.txt,416048,1286
2016,CZE.txt,397665,1270
2016,GBR.txt,706052,1733
2016,DEU.txt,769706,1512
2016,PRT.txt,669199,2542
2016,SVK.txt,398328,1431
2016,SVN.txt,372226,1470
2016,LTU.txt,322335,1402
2016,NLD.txt,127277,236
2016,DNK.txt,39400,213
2016,SWE.txt,134051,548
2016,HUN.txt,661452,2571
2016,EST.txt,63467,171
2016,ESP.txt,1291907,4203
2016,LUX.txt,23856,83
2016,LVA.txt,88223,291
2016,GRC.txt,399030,1057
2016,IRL.txt,273089,811
2016,CYP.txt,148754,661
2016,FIN.txt,59083,259
2016,ROU.txt,604733,2572
2016,BEL.txt,444629,1829
2016,FRA.txt,1428020,3846
2016,AUT.txt,174990,413
2016,BGR.txt,230277,819
2007,ITA.txt,210410,676
2007,MLT.txt,27358,74
2007,POL.txt,314612,940
2007,CZE.txt,59789,224
2007,GBR.txt,332206,892
2007,DEU.txt,520813,1687
2007,PRT.txt,190144,744
2007,SVK.txt,54178,178
2007,SVN.txt,16346,122
2007,LTU.txt,85730,428
2007,NLD.txt,121401,361
2007,DNK.txt,40062,167
2007,SWE.txt,96771,419
2007,HUN.txt,78576,426
2007,EST.txt,27933,85
2007,ESP.txt,263669,689
2007,LUX.txt,29478,85
2007,LVA.txt,14840,79
2007,GRC.txt,170286,741
2007,IRL.txt,89866,168
2007,CYP.txt,51939,152
2007,FIN.txt,68071,567
2007,ROU.txt,77207,293
2007,BEL.txt,103457,268
2007,FRA.txt,330456,1128
2007,AUT.txt,107551,493
2007,BGR.txt,19218,65
2022,ITA.txt,165778,859
2022,HRV.txt,102512,351
2022,MLT.txt,64736,335
2022,POL.txt,310249,1097
2022,CZE.txt,50385,303
2022,DEU.txt,294145,1382
2022,PRT.txt,112195,728
2022,SVK.txt,163752,719
2022,SVN.txt,44102,232
2022,LTU.txt,23289,87
2022,NLD.txt,117343,792
2022,DNK.txt,19841,171
2022,SWE.txt,97567,528
2022,HUN.txt,91723,322
2022,EST.txt,80183,364
2022,ESP.txt,252240,1376
2022,LUX.txt,39063,146
2022,LVA.txt,13215,41
2022,GRC.txt,47407,264
2022,IRL.txt,305547,1759
2022,CYP.txt,7038,20
2022,FIN.txt,16836,329
2022,ROU.txt,288800,1121
2022,BEL.txt,104292,533
2022,FRA.txt,434020,2546
2022,AUT.txt,44493,325
2022,BGR.txt,80283,489
2009,ITA.txt,233039,550
2009,MLT.txt,26423,62
2009,POL.txt,311638,1001
2009,CZE.txt,53664,214
2009,GBR.txt,318682,938
2009,DEU.txt,392107,1159
2009,PRT.txt,156229,695
2009,SVK.txt,44054,110
2009,SVN.txt,23230,158
2009,LTU.txt,56825,283
2009,NLD.txt,94892,362
2009,DNK.txt,33302,85
2009,SWE.txt,93295,391
2009,HUN.txt,80298,357
2009,EST.txt,30398,90
2009,ESP.txt,188342,375
2009,LUX.txt,33324,116
2009,LVA.txt,17809,99
2009,GRC.txt,154705,554
2009,IRL.txt,129727,392
2009,CYP.txt,21860,56
2009,FIN.txt,40067,265
2009,ROU.txt,216199,1309
2009,BEL.txt,83656,197
2009,FRA.txt,246272,736
2009,AUT.txt,91687,258
2009,BGR.txt,47678,231
2003,ITA.txt,254853,437
2003,GBR.txt,471973,746
2003,DEU.txt,496638,801
2003,PRT.txt,229705,709
2003,NLD.txt,241277,632
2003,DNK.txt,77866,162
2003,SWE.txt,106281,286
2003,ESP.txt,491022,862
2003,LUX.txt,39090,119
2003,GRC.txt,183955,368
2003,IRL.txt,193447,294
2003,FIN.txt,86177,413
2003,BEL.txt,121245,258
2003,FRA.txt,403956,864
2003,AUT.txt,108590,310
2019,ITA.txt,233107,837
2019,HRV.txt,72091,183
2019,MLT.txt,41073,105
2019,POL.txt,198390,670
2019,CZE.txt,83154,229
2019,GBR.txt,299257,1200
2019,DEU.txt,319444,1078
2019,PRT.txt,106685,276
2019,SVK.txt,52291,153
2019,SVN.txt,52446,115
2019,LTU.txt,15735,42
2019,NLD.txt,78574,264
2019,DNK.txt,22735,115
2019,SWE.txt,78886,379
2019,HUN.txt,36674,127
2019,EST.txt,27413,115
2019,ESP.txt,267693,955
2019,LUX.txt,15759,101
2019,LVA.txt,13999,21
2019,GRC.txt,66408,225
2019,IRL.txt,102935,377
2019,CYP.txt,8778,32
2019,FIN.txt,34391,213
2019,ROU.txt,235912,601
2019,BEL.txt,71925,239
2019,FRA.txt,214814,876
2019,AUT.txt,46579,185
2019,BGR.txt,50658,160
2013,ITA.txt,635242,2528
2013,HRV.txt,101874,337
2013,MLT.txt,32865,131
2013,POL.txt,387751,1683
2013,CZE.txt,71847,233
2013,GBR.txt,477667,1429
2013,DEU.txt,472949,1018
2013,PRT.txt,810162,3407
2013,SVK.txt,191333,771
2013,SVN.txt,45411,264
2013,LTU.txt,277300,1773
2013,NLD.txt,104534,235
2013,DNK.txt,34113,126
2013,SWE.txt,95359,318
2013,HUN.txt,180356,531
2013,EST.txt,44739,170
2013,ESP.txt,437948,1148
2013,LUX.txt,29813,124
2013,LVA.txt,46748,174
2013,GRC.txt,149830,468
2013,IRL.txt,166866,437
2013,CYP.txt,43545,143
2013,FIN.txt,81109,258
2013,ROU.txt,425131,1940
2013,BEL.txt,240215,867
2013,FRA.txt,778484,3434
2013,AUT.txt,243019,771
2013,BGR.txt,106121,231
2017,ITA.txt,408186,1275
2017,HRV.txt,87694,272
2017,MLT.txt,45243,115
2017,POL.txt,254054,675
2017,CZE.txt,180570,396
2017,GBR.txt,234635,472
2017,DEU.txt,421443,990
2017,PRT.txt,136233,461
2017,SVK.txt,45703,65
2017,SVN.txt,41967,87
2017,LTU.txt,36604,86
2017,NLD.txt,98739,240
2017,DNK.txt,30016,139
2017,SWE.txt,103013,341
2017,HUN.txt,86346,311
2017,EST.txt,40684,98
2017,ESP.txt,334386,1090
2017,LUX.txt,16220,47
2017,LVA.txt,22011,63
2017,GRC.txt,175472,423
2017,IRL.txt,68038,183
2017,CYP.txt,35609,111
2017,FIN.txt,44434,265
2017,ROU.txt,225198,497
2017,BEL.txt,127874,301
2017,FRA.txt,199119,548
2017,AUT.txt,77670,194
2017,BGR.txt,74061,130
2021,ITA.txt,153627,525
2021,HRV.txt,116428,332
2021,MLT.txt,76991,285
2021,POL.txt,404285,1397
2021,CZE.txt,47256,161
2021,DEU.txt,323603,1578
2021,PRT.txt,117783,557
2021,SVK.txt,94915,534
2021,SVN.txt,46919,164
2021,LTU.txt,18642,40
2021,NLD.txt,93365,460
2021,DNK.txt,26527,157
2021,SWE.txt,78273,428
2021,HUN.txt,63756,252
2021,EST.txt,44063,112
2021,ESP.txt,303116,1052
2021,LUX.txt,22033,19
2021,LVA.txt,17715,96
2021,GRC.txt,36784,197
2021,IRL.txt,175290,920
2021,CYP.txt,9613,21
2021,FIN.txt,16066,220
2021,ROU.txt,296522,1129
2021,BEL.txt,121173,414
2021,FRA.txt,399991,1953
2021,AUT.txt,35549,233
2021,BGR.txt,75503,300
2004,ITA.txt,164992,288
2004,MLT.txt,6984,2
2004,POL.txt,71173,48
2004,CZE.txt,10223,7
2004,GBR.txt,296274,411
2004,DEU.txt,348799,506
2004,PRT.txt,204876,504
2004,SVK.txt,8045,6
2004,SVN.txt,5600,5
2004,LTU.txt,8137,5
2004,NLD.txt,144673,327
2004,DNK.txt,49738,48
2004,SWE.txt,89917,342
2004,HUN.txt,14278,36
2004,EST.txt,4910,6
2004,ESP.txt,315256,671
2004,LUX.txt,19740,77
2004,LVA.txt,9065,3
2004,GRC.txt,116683,236
2004,IRL.txt,130079,222
2004,CYP.txt,7740,5
2004,FIN.txt,44270,243
2004,BEL.txt,76856,116
2004,FRA.txt,237427,543
2004,AUT.txt,68540,111
2000,ITA.txt,293284,490
2000,GBR.txt,522198,851
2000,DEU.txt,521745,1081
2000,PRT.txt,117311,230
2000,NLD.txt,239593,625
2000,DNK.txt,90726,126
2000,SWE.txt,130182,446
2000,ESP.txt,526453,869
2000,LUX.txt,45536,102
2000,GRC.txt,154557,310
2000,IRL.txt,116554,458
2000,FIN.txt,96623,453
2000,BEL.txt,120669,230
2000,FRA.txt,612247,1231
2000,AUT.txt,116511,191
2010,ITA.txt,378282,1134
2010,MLT.txt,38513,74
2010,POL.txt,420739,1307
2010,CZE.txt,69479,302
2010,GBR.txt,318630,744
2010,DEU.txt,412693,983
2010,PRT.txt,445747,2478
2010,SVK.txt,84385,326
2010,SVN.txt,19456,30
2010,LTU.txt,137744,1001
2010,NLD.txt,101818,247
2010,DNK.txt,42925,199
2010,SWE.txt,72952,303
2010,HUN.txt,106212,413
2010,EST.txt,31803,96
2010,ESP.txt,284896,724
2010,LUX.txt,29571,69
2010,LVA.txt,22524,57
2010,GRC.txt,212725,627
2010,IRL.txt,131146,242
2010,CYP.txt,18371,33
2010,FIN.txt,61486,266
2010,ROU.txt,340542,1647
2010,BEL.txt,142656,462
2010,FRA.txt,369963,1480
2010,AUT.txt,193735,724
2010,BGR.txt,57301,149
2014,ITA.txt,641651,1830
2014,HRV.txt,498281,1975
2014,MLT.txt,107778,382
2014,POL.txt,264317,796
2014,CZE.txt,62996,137
2014,GBR.txt,377303,878
2014,DEU.txt,453817,891
2014,PRT.txt,454939,1381
2014,SVK.txt,120274,302
2014,SVN.txt,38430,144
2014,LTU.txt,142692,531
2014,NLD.txt,105061,250
2014,DNK.txt,23810,92
2014,SWE.txt,87389,395
2014,HUN.txt,140258,314
2014,EST.txt,36955,124
2014,ESP.txt,467121,1223
2014,LUX.txt,15867,25
2014,LVA.txt,21080,49
2014,GRC.txt,114882,222
2014,IRL.txt,97687,156
2014,CYP.txt,28780,53
2014,FIN.txt,52855,238
2014,ROU.txt,338063,995
2014,BEL.txt,209048,781
2014,FRA.txt,582325,1861
2014,AUT.txt,173165,400
2014,BGR.txt,64746,123
